Week,ILI,AR52,ARGO,ARGO_top10,ARGO_all_weighted1,ARGO_all_weighted2,ARGO_all_weighted_more_ar,ARGO_top10_weighted1,ARGO_top10_weighted2,ARGO_top10_weighted_more_ar,ARGO_ath_weight,ARGO_ath_deweight,ARGO_obs_weight,ARGO_top10_obs,ARGO_top10_weighted2_obs,GFT
2011-01-02,0.0,0.0,0.0,0.0,0.0,0.0,0.0,0.0,0.0,0.0,0.0,0.0,0.0,0.0,0.0,0.0
2011-01-09,0.0,0.0,0.0,0.0,0.0,0.0,0.0,0.0,0.0,0.0,0.0,0.0,0.0,0.0,0.0,0.0
2011-01-16,0.0,0.0,0.0,0.0,0.0,0.0,0.0,0.0,0.0,0.0,0.0,0.0,0.0,0.0,0.0,0.0
2011-01-23,0.0,0.0,0.0,0.0,0.0,0.0,0.0,0.0,0.0,0.0,0.0,0.0,0.0,0.0,0.0,0.0
2011-01-30,0.0,0.0,0.0,0.0,0.0,0.0,0.0,0.0,0.0,0.0,0.0,0.0,0.0,0.0,0.0,0.0
2011-02-06,0.0,0.0,0.0,0.0,0.0,0.0,0.0,0.0,0.0,0.0,0.0,0.0,0.0,0.0,0.0,0.0
2011-02-13,0.0,0.0,0.0,0.0,0.0,0.0,0.0,0.0,0.0,0.0,0.0,0.0,0.0,0.0,0.0,0.0
2011-02-20,0.0,0.0,0.0,0.0,0.0,0.0,0.0,0.0,0.0,0.0,0.0,0.0,0.0,0.0,0.0,0.0
2011-02-27,0.0,0.0,0.0,0.0,0.0,0.0,0.0,0.0,0.0,0.0,0.0,0.0,0.0,0.0,0.0,0.0
2011-03-06,0.0,0.0,0.0,0.0,0.0,0.0,0.0,0.0,0.0,0.0,0.0,0.0,0.0,0.0,0.0,0.0
2011-03-13,0.0,0.0,0.0,0.0,0.0,0.0,0.0,0.0,0.0,0.0,0.0,0.0,0.0,0.0,0.0,0.0
2011-03-20,0.0,0.0,0.0,0.0,0.0,0.0,0.0,0.0,0.0,0.0,0.0,0.0,0.0,0.0,0.0,0.0
2011-03-27,0.0,0.0,0.0,0.0,0.0,0.0,0.0,0.0,0.0,0.0,0.0,0.0,0.0,0.0,0.0,0.0
2011-04-03,0.0,0.0,0.0,0.0,0.0,0.0,0.0,0.0,0.0,0.0,0.0,0.0,0.0,0.0,0.0,0.0
2011-04-10,0.0,0.0,0.0,0.0,0.0,0.0,0.0,0.0,0.0,0.0,0.0,0.0,0.0,0.0,0.0,0.0
2011-04-17,0.0,0.0,0.0,0.0,0.0,0.0,0.0,0.0,0.0,0.0,0.0,0.0,0.0,0.0,0.0,0.0
2011-04-24,0.0,0.0,0.0,0.0,0.0,0.0,0.0,0.0,0.0,0.0,0.0,0.0,0.0,0.0,0.0,0.0
2011-05-01,0.0,0.0,0.0,0.0,0.0,0.0,0.0,0.0,0.0,0.0,0.0,0.0,0.0,0.0,0.0,0.0
2011-05-08,0.0,0.0,0.0,0.0,0.0,0.0,0.0,0.0,0.0,0.0,0.0,0.0,0.0,0.0,0.0,0.0
2011-05-15,0.0,0.0,0.0,0.0,0.0,0.0,0.0,0.0,0.0,0.0,0.0,0.0,0.0,0.0,0.0,0.0
2011-05-22,0.0,0.0,0.0,0.0,0.0,0.0,0.0,0.0,0.0,0.0,0.0,0.0,0.0,0.0,0.0,0.0
2011-05-29,0.0,0.0,0.0,0.0,0.0,0.0,0.0,0.0,0.0,0.0,0.0,0.0,0.0,0.0,0.0,0.0
2011-06-05,0.0,0.0,0.0,0.0,0.0,0.0,0.0,0.0,0.0,0.0,0.0,0.0,0.0,0.0,0.0,0.0
2011-06-12,0.0,0.0,0.0,0.0,0.0,0.0,0.0,0.0,0.0,0.0,0.0,0.0,0.0,0.0,0.0,0.0
2011-06-19,0.0,0.0,0.0,0.0,0.0,0.0,0.0,0.0,0.0,0.0,0.0,0.0,0.0,0.0,0.0,0.0
2011-06-26,0.0,0.0,0.0,0.0,0.0,0.0,0.0,0.0,0.0,0.0,0.0,0.0,0.0,0.0,0.0,0.0
2011-07-03,0.0,0.0,0.0,0.0,0.0,0.0,0.0,0.0,0.0,0.0,0.0,0.0,0.0,0.0,0.0,0.0
2011-07-10,0.0,0.0,0.0,0.0,0.0,0.0,0.0,0.0,0.0,0.0,0.0,0.0,0.0,0.0,0.0,0.0
2011-07-17,0.0,0.0,0.0,0.0,0.0,0.0,0.0,0.0,0.0,0.0,0.0,0.0,0.0,0.0,0.0,0.0
2011-07-24,0.0,0.0,0.0,0.0,0.0,0.0,0.0,0.0,0.0,0.0,0.0,0.0,0.0,0.0,0.0,0.0
2011-07-31,0.0,0.0,0.0,0.0,0.0,0.0,0.0,0.0,0.0,0.0,0.0,0.0,0.0,0.0,0.0,0.0
2011-08-07,0.0,0.0,0.0,0.0,0.0,0.0,0.0,0.0,0.0,0.0,0.0,0.0,0.0,0.0,0.0,0.0
2011-08-14,0.0,0.0,0.0,0.0,0.0,0.0,0.0,0.0,0.0,0.0,0.0,0.0,0.0,0.0,0.0,0.0
2011-08-21,0.0,0.0,0.0,0.0,0.0,0.0,0.0,0.0,0.0,0.0,0.0,0.0,0.0,0.0,0.0,0.0
2011-08-28,0.0,0.0,0.0,0.0,0.0,0.0,0.0,0.0,0.0,0.0,0.0,0.0,0.0,0.0,0.0,0.0
2011-09-04,0.0,0.0,0.0,0.0,0.0,0.0,0.0,0.0,0.0,0.0,0.0,0.0,0.0,0.0,0.0,0.0
2011-09-11,0.0,0.0,0.0,0.0,0.0,0.0,0.0,0.0,0.0,0.0,0.0,0.0,0.0,0.0,0.0,0.0
2011-09-18,0.0,0.0,0.0,0.0,0.0,0.0,0.0,0.0,0.0,0.0,0.0,0.0,0.0,0.0,0.0,0.0
2011-09-25,0.0,0.0,0.0,0.0,0.0,0.0,0.0,0.0,0.0,0.0,0.0,0.0,0.0,0.0,0.0,0.0
2011-10-02,0.0,0.0,0.0,0.0,0.0,0.0,0.0,0.0,0.0,0.0,0.0,0.0,0.0,0.0,0.0,0.0
2011-10-09,0.0,0.0,0.0,0.0,0.0,0.0,0.0,0.0,0.0,0.0,0.0,0.0,0.0,0.0,0.0,0.0
2011-10-16,0.0,0.0,0.0,0.0,0.0,0.0,0.0,0.0,0.0,0.0,0.0,0.0,0.0,0.0,0.0,0.0
2011-10-23,0.0,0.0,0.0,0.0,0.0,0.0,0.0,0.0,0.0,0.0,0.0,0.0,0.0,0.0,0.0,0.0
2011-10-30,0.0,0.0,0.0,0.0,0.0,0.0,0.0,0.0,0.0,0.0,0.0,0.0,0.0,0.0,0.0,0.0
2011-11-06,0.0,0.0,0.0,0.0,0.0,0.0,0.0,0.0,0.0,0.0,0.0,0.0,0.0,0.0,0.0,0.0
2011-11-13,0.0,0.0,0.0,0.0,0.0,0.0,0.0,0.0,0.0,0.0,0.0,0.0,0.0,0.0,0.0,0.0
2011-11-20,0.0,0.0,0.0,0.0,0.0,0.0,0.0,0.0,0.0,0.0,0.0,0.0,0.0,0.0,0.0,0.0
2011-11-27,0.0,0.0,0.0,0.0,0.0,0.0,0.0,0.0,0.0,0.0,0.0,0.0,0.0,0.0,0.0,0.0
2011-12-04,0.0,0.0,0.0,0.0,0.0,0.0,0.0,0.0,0.0,0.0,0.0,0.0,0.0,0.0,0.0,0.0
2011-12-11,0.0,0.0,0.0,0.0,0.0,0.0,0.0,0.0,0.0,0.0,0.0,0.0,0.0,0.0,0.0,0.0
2011-12-18,0.0,0.0,0.0,0.0,0.0,0.0,0.0,0.0,0.0,0.0,0.0,0.0,0.0,0.0,0.0,0.0
2011-12-25,0.0,0.0,0.0,0.0,0.0,0.0,0.0,0.0,0.0,0.0,0.0,0.0,0.0,0.0,0.0,0.0
2012-01-01,0.0,0.0,0.0,0.0,0.0,0.0,0.0,0.0,0.0,0.0,0.0,0.0,0.0,0.0,0.0,0.0
2012-01-08,0.0,0.0,0.0,0.0,0.0,0.0,0.0,0.0,0.0,0.0,0.0,0.0,0.0,0.0,0.0,0.0
2012-01-15,0.0,0.0,0.0,0.0,0.0,0.0,0.0,0.0,0.0,0.0,0.0,0.0,0.0,0.0,0.0,0.0
2012-01-22,0.0,0.0,0.0,0.0,0.0,0.0,0.0,0.0,0.0,0.0,0.0,0.0,0.0,0.0,0.0,0.0
2012-01-29,0.0,0.0,0.0,0.0,0.0,0.0,0.0,0.0,0.0,0.0,0.0,0.0,0.0,0.0,0.0,0.0
2012-02-05,0.0,0.0,0.0,0.0,0.0,0.0,0.0,0.0,0.0,0.0,0.0,0.0,0.0,0.0,0.0,0.0
2012-02-12,0.0,0.0,0.0,0.0,0.0,0.0,0.0,0.0,0.0,0.0,0.0,0.0,0.0,0.0,0.0,0.0
2012-02-19,0.0,0.0,0.0,0.0,0.0,0.0,0.0,0.0,0.0,0.0,0.0,0.0,0.0,0.0,0.0,0.0
2012-02-26,0.0,0.0,0.0,0.0,0.0,0.0,0.0,0.0,0.0,0.0,0.0,0.0,0.0,0.0,0.0,0.0
2012-03-04,0.0,0.0,0.0,0.0,0.0,0.0,0.0,0.0,0.0,0.0,0.0,0.0,0.0,0.0,0.0,0.0
2012-03-11,0.0,0.0,0.0,0.0,0.0,0.0,0.0,0.0,0.0,0.0,0.0,0.0,0.0,0.0,0.0,0.0
2012-03-18,0.0,0.0,0.0,0.0,0.0,0.0,0.0,0.0,0.0,0.0,0.0,0.0,0.0,0.0,0.0,0.0
2012-03-25,0.0,0.0,0.0,0.0,0.0,0.0,0.0,0.0,0.0,0.0,0.0,0.0,0.0,0.0,0.0,0.0
2012-04-01,0.0,0.0,0.0,0.0,0.0,0.0,0.0,0.0,0.0,0.0,0.0,0.0,0.0,0.0,0.0,0.0
2012-04-08,0.0,0.0,0.0,0.0,0.0,0.0,0.0,0.0,0.0,0.0,0.0,0.0,0.0,0.0,0.0,0.0
2012-04-15,0.0,0.0,0.0,0.0,0.0,0.0,0.0,0.0,0.0,0.0,0.0,0.0,0.0,0.0,0.0,0.0
2012-04-22,0.0,0.0,0.0,0.0,0.0,0.0,0.0,0.0,0.0,0.0,0.0,0.0,0.0,0.0,0.0,0.0
2012-04-29,0.0,0.0,0.0,0.0,0.0,0.0,0.0,0.0,0.0,0.0,0.0,0.0,0.0,0.0,0.0,0.0
2012-05-06,0.0,0.0,0.0,0.0,0.0,0.0,0.0,0.0,0.0,0.0,0.0,0.0,0.0,0.0,0.0,0.0
2012-05-13,0.0,0.0,0.0,0.0,0.0,0.0,0.0,0.0,0.0,0.0,0.0,0.0,0.0,0.0,0.0,0.0
2012-05-20,0.0,0.0,0.0,0.0,0.0,0.0,0.0,0.0,0.0,0.0,0.0,0.0,0.0,0.0,0.0,0.0
2012-05-27,0.0,0.0,0.0,0.0,0.0,0.0,0.0,0.0,0.0,0.0,0.0,0.0,0.0,0.0,0.0,0.0
2012-06-03,0.0,0.0,0.0,0.0,0.0,0.0,0.0,0.0,0.0,0.0,0.0,0.0,0.0,0.0,0.0,0.0
2012-06-10,0.0,0.0,0.0,0.0,0.0,0.0,0.0,0.0,0.0,0.0,0.0,0.0,0.0,0.0,0.0,0.0
2012-06-17,0.0,0.0,0.0,0.0,0.0,0.0,0.0,0.0,0.0,0.0,0.0,0.0,0.0,0.0,0.0,0.0
2012-06-24,0.0,0.0,0.0,0.0,0.0,0.0,0.0,0.0,0.0,0.0,0.0,0.0,0.0,0.0,0.0,0.0
2012-07-01,0.0,0.0,0.0,0.0,0.0,0.0,0.0,0.0,0.0,0.0,0.0,0.0,0.0,0.0,0.0,0.0
2012-07-08,0.0,0.0,0.0,0.0,0.0,0.0,0.0,0.0,0.0,0.0,0.0,0.0,0.0,0.0,0.0,0.0
2012-07-15,0.0,0.0,0.0,0.0,0.0,0.0,0.0,0.0,0.0,0.0,0.0,0.0,0.0,0.0,0.0,0.0
2012-07-22,0.0,0.0,0.0,0.0,0.0,0.0,0.0,0.0,0.0,0.0,0.0,0.0,0.0,0.0,0.0,0.0
2012-07-29,0.0,0.0,0.0,0.0,0.0,0.0,0.0,0.0,0.0,0.0,0.0,0.0,0.0,0.0,0.0,0.0
2012-08-05,0.0,0.0,0.0,0.0,0.0,0.0,0.0,0.0,0.0,0.0,0.0,0.0,0.0,0.0,0.0,0.0
2012-08-12,0.0,0.0,0.0,0.0,0.0,0.0,0.0,0.0,0.0,0.0,0.0,0.0,0.0,0.0,0.0,0.0
2012-08-19,0.0,0.0,0.0,0.0,0.0,0.0,0.0,0.0,0.0,0.0,0.0,0.0,0.0,0.0,0.0,0.0
2012-08-26,0.0,0.0,0.0,0.0,0.0,0.0,0.0,0.0,0.0,0.0,0.0,0.0,0.0,0.0,0.0,0.0
2012-09-02,0.0,0.0,0.0,0.0,0.0,0.0,0.0,0.0,0.0,0.0,0.0,0.0,0.0,0.0,0.0,0.0
2012-09-09,0.0,0.0,0.0,0.0,0.0,0.0,0.0,0.0,0.0,0.0,0.0,0.0,0.0,0.0,0.0,0.0
2012-09-16,0.0,0.0,0.0,0.0,0.0,0.0,0.0,0.0,0.0,0.0,0.0,0.0,0.0,0.0,0.0,0.0
2012-09-23,0.0,0.0,0.0,0.0,0.0,0.0,0.0,0.0,0.0,0.0,0.0,0.0,0.0,0.0,0.0,0.0
2012-09-30,0.471698113,0.7463507361337063,0.8107256405870079,0.7381616352955327,0.8462312605275526,0.8893057354019415,0.7341195856227158,0.6799896912637433,0.8893172234170214,0.7341195856227158,0.8778534869902297,0.9089067428446878,0.7794175750135219,0.7082089623282667,0.8697024559300519,2.0045073855737767
2012-10-07,0.580954787,0.7096699740405401,0.4297744879616814,0.6906809253242336,0.5039328289865452,0.7575074995979605,0.7191027818927321,0.6480843660703483,0.7575074995979605,0.7191027818927321,0.5043510140269751,0.5869537917401948,0.4311300230905328,0.6669278906847589,0.7108155692145391,2.534364422865836
2012-10-14,0.6497341999999999,0.7755578930990215,0.7774653791552024,0.7462268006396123,0.7836579470333034,0.8313339274067533,0.7730962214541851,0.7201329422139195,0.8313333344452623,0.7730962214541851,0.8227912311458621,0.8534486714565178,0.7738196322401341,0.7426458342932318,0.7860908014601802,2.582061925244377
2012-10-21,0.946049604,0.8514967361994229,0.8158077413818423,0.8612132915733377,0.8234906450682675,0.9135989314629462,0.8078664512202206,0.7951754780773765,0.9135989314629462,0.8078664512202206,0.8863864794657847,0.6706642865209185,0.7742635469694971,0.8332156736779711,0.8739272348927236,3.113992766987677
2012-10-28,0.336177916,1.1344688229926505,1.0839506508470231,0.9402815506582848,0.9322488213369516,1.0811126058290932,0.9612432623539664,0.8194846324266668,1.0811126058290932,0.9612432623539664,0.9807455778448636,0.992339216498382,1.0906071330505942,0.9265393349066948,1.0480223792068288,3.308930385404324
2012-11-04,0.522689475,0.5430924957925021,0.6650136319697321,0.7925163039309806,0.5359824540665517,0.7450425959262157,0.6531540661473798,0.7631833121432099,0.7450425959262157,0.6531540661473798,0.5448120033601809,0.7385579586090101,0.6850717360809155,0.7697973724662046,0.6736444198824285,3.1492474426587727
2012-11-11,0.558987938,0.6897822252170605,0.9440977643378968,0.756249536346295,0.8672282853297433,0.7737233754514596,0.6799546831426735,0.7401716989728032,0.7737233754514596,0.6799546831426735,0.8518612836509658,0.8986322900202555,0.9254604366335322,0.7355213797530663,0.7573488082844084,3.805606551476528
2012-11-18,1.093066833,0.7193571316864797,1.105238386079081,0.9723647741215428,1.1617027903024422,0.891644340305442,0.8914972028684415,1.0457653552034445,0.891644340305442,0.8914972028684415,1.131023079351989,1.0017793345105068,1.0320064351040752,0.9572309228172262,0.8730162002932073,3.6977687200119993
2012-11-25,1.450127376,1.1737632070083202,1.7921036293638033,1.4571500798691328,1.8643103412735988,1.5075393785516966,1.4569469293262185,1.7603063992650332,1.5075393785516966,1.4569469293262185,1.906780419749332,1.6403470354351248,1.7424229757806615,1.4176949792731253,1.4545176406509956,4.372792068890924
2012-12-02,1.744941526,1.4719118308378745,2.191865891094052,2.158587836538872,2.555940594945312,2.147156744983798,2.0972166175004814,2.555940594945312,2.147156744983798,2.0972166175004814,2.424541414709087,2.1959817571374667,2.1770150446654593,2.141062393785596,2.114669314615686,5.745650615612421
2012-12-09,2.853697749,1.7309435775957969,3.2919142479221053,3.1494650219660256,3.669639541525707,2.824840313093764,2.816725464262678,3.669639541525707,2.824840313093764,2.816725464262678,3.3672267113069396,3.4938901640397675,3.270206475096212,3.1692528190513234,2.8056530538704427,6.886243063794935
2012-12-16,5.522848332000001,2.8541014457311236,4.3858410807780155,4.120536712770424,4.288492638874561,3.688635144958208,3.839300380077857,4.235976947271576,3.688635144958208,3.839300380077857,4.253819563419692,5.9819584749711785,4.218749116251598,4.120869295359509,3.699883321304092,10.353644106269776
2012-12-23,5.859204198,5.219438130999536,6.969549625437415,5.9934991482853714,7.720394628565633,6.2712819998422775,6.598511181236755,6.15219206644853,6.2712819998422775,6.598511181236755,7.311069777282916,6.719536637472259,6.910797604783389,6.01843141025307,6.301544589130293,12.852578470015102
2012-12-30,4.891994917,5.5235012680004445,6.815739874677856,7.151297555641676,7.174634989930656,6.306641499314798,6.5071789918018075,7.392005132849089,6.306641499314798,6.5071789918018075,7.229031766628264,6.021248750390088,6.805945759316361,7.19284373818787,6.919523579137968,14.886980636682456
2013-01-06,5.771812081,4.591828345966974,8.457345581004796,9.094353835046684,9.008303791030103,7.502404940551889,7.7789877780677275,9.174865748467713,7.220249945788372,7.787152929479959,9.059459153149373,7.076711094546718,8.301929981793142,8.497214341348997,6.261613050067577,22.528950039505297
2013-01-13,5.903687286,5.365918127095356,8.509851119849188,9.256017938667773,8.873843405097045,9.485961717952462,9.54698147839497,10.35665847501835,9.485961717952462,9.595254925835084,9.39635671401409,6.833831899593839,8.084394289386783,8.802426950429084,9.036932906281363,24.084303377936
2013-01-20,4.932735426,5.2495636136239,6.583923853505123,7.053770299868639,9.313818321356516,7.323797385756623,7.6063486881849895,8.658268565529687,7.323797385756623,7.6063486881849895,9.369164407352539,6.635890447212324,6.323226485365647,6.862590760377206,6.91288532526691,21.68698543230148
2013-01-27,3.941132452,4.325676754540244,4.6780414778140464,4.850735287293629,5.720118050972062,5.104930525932692,5.42767084417295,5.702759756874107,5.104930525932692,5.42767084417295,5.763357692200737,4.864138053440293,4.497817552601914,4.735171317703054,4.724404884984423,17.550782454301437
2013-02-03,2.828722412,3.5194506140218764,4.564231686748304,3.4331767043224906,3.477261612595304,3.605159781699172,3.722755452570524,3.477261612595304,3.605159781699172,3.722755452570524,3.8122992693461866,4.622999128985244,4.403749114443963,3.3561604423739664,3.4791669126643083,13.340959418282342
2013-02-10,2.082176569,2.5212862883301854,2.7420729175086764,2.5112748114957597,3.0377508736222127,2.97200384475169,2.9509301078761734,2.9728332250457465,2.97200384475169,2.9509301078761734,2.530516735662473,2.7411572858870024,2.7002208106754337,2.5431540901183216,2.8452484055938267,9.696248095226402
2013-02-17,1.347305389,1.9474650625573504,1.9051046524579476,1.9118485745586504,1.850480804895669,2.0178552945913393,2.2727510098024606,2.3991436979536833,2.0178552945913393,2.2727510098024606,2.2527858399982232,1.905252571873656,2.07821558269735,1.9530592508026592,1.982640529033827,7.650440004077219
2013-02-24,1.469723692,1.4024869528510815,2.442537007619324,2.4134083539651403,2.547395452243717,2.2063612757702415,2.382281968729164,2.5031078159219105,2.152309401396792,1.89936583372497,1.820842159661264,2.4434573659160868,2.3729501819292707,2.3016340850044097,2.2237052486430096,6.7255232188237635
2013-03-03,1.788908766,1.4828676184320586,2.0102803054632545,1.5960589845238033,1.6554586128117936,1.4440506780570563,1.4239818358860077,1.6554586128117936,1.4440506780570563,1.4239818358860077,1.7775925099973398,2.0140019960070035,2.007290239085833,1.5705902595699013,1.5699348916133191,5.8192706736314745
2013-03-10,1.411359725,1.8421215012412029,1.9344693926569088,2.023184369863616,1.8330158861582315,1.825767565646212,1.7485979690424838,1.8330158861582315,1.825767565646212,1.7485979690424838,1.810799905529516,1.9347535759728625,1.9878523792465048,2.2834462328647565,2.303529900314745,5.938514429577827
2013-03-17,1.341107872,1.3893788053138283,2.235089447895942,1.4542513216737862,2.4478513049175685,1.5976060570853436,1.4370399571502432,1.618471053704453,1.5976060570853436,1.4370399571502432,2.2647072951277414,2.23701408687794,2.245309393137144,1.4893157684537264,1.5310834655218661,3.777610191384775
2013-03-24,0.930898675,1.2947902460647105,1.4307735025645811,1.180044771725684,1.1048665133032454,1.2542453258929551,1.1909525678148358,1.1056602530295143,1.2542453258929551,1.1909525678148358,1.0948263556616111,1.4306328061542286,1.4304542669850242,1.1472324082192475,1.2339194524119652,3.1606533671405965
2013-03-31,0.39824771,0.9675205539974336,0.9335194843528756,1.1764677997726871,0.996926376927398,1.0900842002663933,1.0290743617086926,1.1885632991530657,1.1242153212219603,1.1137116477454412,1.0815136466186557,0.9333205559182624,0.9262062062503588,1.159431001380813,1.0812591381717842,2.5561393696038657
2013-04-07,0.518378888,0.4434751433105327,0.0501494995525853,0.371647409361666,0.04903361058596256,0.4712840983226633,0.07344501682556293,0.3432190709487717,0.3242221172370865,0.2974629184164681,0.0680854814528522,0.05154028878291528,0.07772614218649943,0.36768313189567015,0.4833758578745924,2.0366513545680114
2013-04-14,0.270513977,0.529463945223536,0.13304354478710234,0.5469076216404943,0.3875623187557689,0.6514798212182994,0.3009064540713957,0.5312661898389084,0.5277584345071032,0.5177586395956499,0.21569600354863705,0.13373239137268822,0.5199141013080095,0.6056174947610531,0.6656504161242901,1.5410120907214282
2013-04-21,0.533175355,0.3137442077383241,0.7754807496640529,0.3525272500668579,0.8171505214016108,0.4510781970813221,0.2470097202193786,0.3343213266926355,0.4510461736981759,0.2470097202193786,0.9290714940325424,0.7753462930335323,0.6568579033562058,0.4446275883675146,0.4657607358796709,1.5005729039222302
2013-04-28,0.265957447,0.5425082059252182,0.5057949527639831,0.6354208963651536,0.6102565764310307,0.691879230182505,0.5981650824274145,0.6514903156804372,0.691879230182505,0.5981650824274145,0.9645530214211272,0.5059402566225008,0.5041279487853932,0.6503689274392268,0.7048691671512554,1.5949310064536928
2013-05-05,0.118906064,0.3750183305091317,0.3293477639742104,0.33933539380128885,0.7743217940591667,0.3354548939334241,0.3344058029945651,0.7743217940591667,0.3354548939334241,0.3344058029945651,0.9818459353678246,0.3288267947667425,0.29928514363849623,0.3644131138026824,0.3872011361359661,1.2237200096815652
2013-05-12,0.214822771,0.24661144599557705,0.3119523594610767,0.3868509103347367,1.1858715442747574,0.41180648872110703,0.44388038244682704,1.1858715442747574,0.41180648872110703,0.44388038244682704,1.0666596041017145,0.3124745280783239,0.18498485077050253,0.34386348737907824,0.3834565958463453,0.9354611909590757
2013-05-19,0.08583691,0.3200214910437789,0.29421631734074705,0.3980507801962799,0.7885231734482578,0.4374807539104029,0.3534597642527346,0.7885231734482578,0.4374807539104029,0.3534597642527346,0.9523126192723466,0.2942079499606172,0.17035029908461086,0.3273820575544064,0.32219661973905755,0.6472023722365858
2013-05-26,0.08896797199999999,0.14441832846448932,0.15480103293738834,0.15881353166269266,0.10540609595826234,0.20949589038829172,0.20689427451140552,0.7494289569605435,0.20949589038829172,0.20689427451140552,0.977599428096518,0.15487094228346954,0.14168496681251466,0.07849614780942038,0.07338032533607207,0.3516852379347528
2013-06-02,0.0,0.08358863848534903,0.36099908738796826,0.3620175313963641,0.44303222497283135,0.4190901021103006,0.3832032677730031,0.3250550992647744,0.4190901021103006,0.3832032677730031,0.4325995102550941,0.3613389032277695,0.3360154819804927,0.2843319859935607,0.356317222855945,0.28739729994628394
2013-06-09,0.0,-0.02887583968400232,-0.07273254592339029,0.3748510026468593,-0.15008953095391675,-0.1750941552275278,-0.2033939680068655,0.3430711208652162,0.3227020134312216,0.09018475003552527,-0.18397851697360726,-0.06836227040940912,-0.019833114326008202,0.345881550184865,0.18823463110408656,0.44293263378935377
2013-06-16,0.176522507,-0.011027343089769824,-0.041903964758421834,0.09942198099143897,0.1064484816844058,0.13529199542034664,0.09427958857048012,0.1228176827424048,0.0958682299417044,0.1054403350004598,0.025030730409412616,-0.03844328534322039,-0.005969282835367018,0.0753064180448888,0.17078287839731132,0.39212442473395104
2013-06-23,0.49937578,0.19747987041073545,0.4124475612507571,0.3151405690014525,0.38346412647989897,0.37280305655240503,0.3100292958963675,0.30821534968355835,0.3540353223914563,0.22425743211213425,0.4110984609915795,0.4125922525944683,0.3993541395301711,0.2976774786020344,0.3827729847193104,0.35790665128847565
2013-06-30,0.0,0.5097477336418655,0.19494903225895466,0.4101626120985655,0.19713962146620245,0.39556900491174096,0.2360541982050925,0.3872806933875023,0.3958131667916994,0.4025948224769052,0.11016694536374948,0.19515046773000333,0.2704520312881573,0.4352549763058342,0.4509568916313509,0.33924241122730714
2013-07-07,0.0,0.0864967981407283,0.022406758283545214,0.135502109841233,0.020287732391392144,0.15586603545801614,-0.04219716018654385,0.0654293381437221,0.15586603545801592,-0.04219716018654385,0.7883010972424505,0.022575404606958397,0.10381384240723857,0.19141492346578404,0.19656024783078352,0.32783648674548216
2013-07-14,0.203665988,0.10376934658523253,0.06441561526184048,0.004053849715419444,0.34409166032370475,4.4314807077672214e-05,-0.009815967059725315,0.34409166032370475,4.4314807077672214e-05,-0.009815967059725315,0.8201192123700511,0.0639298152957497,0.06536577958247736,0.04566115163036333,0.035031233911038795,0.2728806687875973
2013-07-21,0.0,0.3158477296218287,0.17117071562562147,0.17948495107170606,0.3860231229772466,0.16579730378993252,0.1890592417169352,0.3860231229772466,0.16579730378993252,0.1890592417169352,0.8436269706464645,0.17106671617819202,-0.0953681593046729,0.1851908698258926,0.20731403486055555,0.2293307753115377
2013-07-28,0.091575092,0.1900231794005709,0.08919502231688092,0.13138519472196752,0.6434687541298206,0.12964410947236638,0.14902300656039524,0.6434687541298206,0.12964410947236638,0.14902300656039524,0.9007891162799172,0.08909233852951838,0.20895403091745512,0.08837414784153741,0.07078906320744971,0.012618210156860156
2013-08-04,0.102564103,0.23871723016823945,0.3419787264792351,0.17213387563736315,0.3907371531159177,0.192922381578863,0.22993492358791226,0.6955455564679727,0.192922381578863,0.22993492358791226,0.4072045974626196,0.3404927449252177,0.3538358641605208,0.1502448365658131,0.10271787634365824,0.16400593509744832
2013-08-11,0.08658008699999999,0.1973557753201225,0.3984430902966616,0.2152049154854614,0.32695836852965465,0.25012646694079743,0.3135027762511557,0.16079461250207205,0.25012646694079743,0.3135027762511557,0.3424819639117728,0.3951596674941121,0.3872211416912479,0.13580172324690953,0.13060485168903102,0.26354854875701306
2013-08-18,0.067204301,0.17001503572107168,-0.08604415196579351,0.20237560254927825,0.07146446425516162,0.14353394794300622,0.049614714145302496,0.19714029683972,0.2207283592383522,0.1760599166556407,0.028390732170550107,-0.08570040378654188,-0.10995809188201068,0.19564870742229254,0.2131596033291454,0.28324969104380204
2013-08-25,0.057636888,0.1966813878210272,-0.020061754618493573,0.3703397278778556,0.14056289849475734,0.2410457244345325,0.18671045728360314,0.41519792672048383,0.4197267375839872,0.35076427631085305,0.03813747209605123,-0.017906387917194122,0.1460568428153537,0.3591330970755384,0.3923611572652029,0.3257626822942412
2013-09-01,0.123152709,0.2322039250286898,0.455907475513305,0.3543267357740381,0.4341571534836655,0.3414205769371224,0.34016744559482226,0.3591572769675966,0.36515778950337696,0.3042580073258553,0.3727634192424063,0.4540879222286569,0.42929806840733,0.3367874067107959,0.37045206849784496,0.9240552664772504
2013-09-08,0.22087244600000006,0.2629034774818895,0.4807794540192834,0.2497874664986408,0.3392309605892907,0.215118728062774,0.3946169955648906,0.2357794059356728,0.21502837206637596,0.20206885536000674,0.4122360503343489,0.4794111900807026,0.4498410211069572,0.2465033899851585,0.2448599701075749,1.127288102698862
2013-09-15,0.715137068,0.4660473203809691,0.3236676899297269,0.4579670927016222,0.3484469193439783,0.2754932496088941,0.3825504888431965,0.4493792706620965,0.2754932496088941,0.3825504888431965,0.8589670416482311,0.3232012329173237,0.4964809077844707,0.4551223024075599,0.31358741235259696,0.7519294970242529
2013-09-22,0.0,1.2053515246800006,1.0376947320564929,1.2142434230126729,1.0767800329434054,0.9333828725208992,0.8264537565112606,0.7585340568536435,0.9333828725208992,0.8264537565112606,0.8088201978788219,1.0376903690338404,0.8202708419654927,1.0921396969179775,0.9152473411814296,0.9178338531235276
2013-09-29,1.179624665,0.5924668810593907,0.6142604233250668,0.4099407476502749,0.6780161808920149,0.2475009578438936,0.31787378212350514,0.6780161808920149,0.2475009578438936,0.31787378212350514,0.9305536969934236,0.6141926835468894,0.4849530182630519,0.3632518000007262,0.2342882276859035,0.8711732529706067
2013-10-06,1.5835141,1.8336472786190048,1.2529082434194765,1.275179037214671,0.9723620595992144,1.1189755204509535,1.3132435420096955,0.9723620595992144,1.1189755204509535,1.3132435420096955,0.9349787306041948,1.252750725541368,1.240620609554503,1.2921662420826872,1.1359178100637628,0.8493983062325767
2013-10-13,1.67325122,2.2265318023953373,1.4350476874554603,1.5201599673560457,2.0631953355601005,1.297692463947293,1.3968777240514791,0.5975408905984275,1.297692463947293,1.3968777240514791,2.1746885171754275,1.4352073966404846,1.502378860257393,1.556962366972985,1.2874179079056454,0.8369554795251315
2013-10-20,1.381064874,2.217305955247089,1.7633616495070732,1.4136929212793623,1.816296501268284,1.4425148403664665,1.5337729239120068,1.6143850260970372,1.4425148403664665,1.5337729239120068,1.7245016597597018,1.7628472148746808,1.9434037111583464,1.7383002718964409,1.6249016481851606,1.6198166598685837
2013-10-27,2.3782300480000003,1.9516736017274976,1.5599566831826273,1.4895163974918115,1.5515205122942626,1.5723829983220532,1.6313646676718148,1.5178413780381836,1.4765869962632099,1.4404343152420334,1.6413269894161266,1.5599413677194227,1.6110285485631046,1.5544779320310709,1.4727889127782687,1.3440006678535397
2013-11-03,1.966041108,2.7548723927147285,1.7613417804968068,2.062824617315714,1.6237019514845166,1.8433118215646416,1.870572264215297,2.060273450496068,2.1529680633305435,2.179841572689683,1.8374014978515365,1.761019277923536,1.801480618158848,2.1003362818507747,1.9156721099676224,1.21127718297412
2013-11-10,1.761034329,2.137902382812306,1.956226038566284,1.9964390493945507,1.806127298904748,1.8223504291058132,1.6933834543762711,2.0343705057380883,2.0285216210670227,1.771609739273174,1.9183129213666024,1.9260513816198472,1.7456594219721817,2.0248174163131702,1.8243363663459136,1.4974621972453688
2013-11-17,2.062089282,1.9681329003344088,1.3880853162164863,1.6112769388278951,1.782006140427317,1.5878889547339952,1.5424815038255366,1.5745902575521749,1.5879634001934548,1.5422985785311658,1.8170533912644045,1.387824593146482,1.3882593928756228,1.6229514460898768,1.5934967255852086,1.6737355756008483
2013-11-24,2.900232019,2.107103094828101,1.7290438089258202,1.7936388042415343,2.0223890916093565,1.796787444832261,1.89158114077094,1.6643594350705746,1.796787444832261,1.89158114077094,1.9976628483965382,1.729167641666577,1.7295494806241851,1.7807850911418983,1.8113561641799252,2.326983977741742
2013-12-01,2.797392721,2.699222951135078,1.9393859869665933,2.2674743267613477,1.599059090560379,2.4648035923917315,2.392760912484825,1.599059090560379,2.4648035923917315,2.392760912484825,1.2831512393321256,1.9391013305380536,2.101575128409383,2.282066707578169,2.4800907057371013,2.124788043745752
2013-12-08,1.838610827,2.6950061208768954,2.357432795572736,2.2840863662880158,2.47268029648062,2.4627834215020608,2.4344404957934658,2.3435279032927334,2.4627834215020608,2.4344404957934658,1.4526302728440692,2.357217165696289,2.4667777840295257,2.3058264755564024,2.4848459160642062,2.2378103863383823
2013-12-15,3.545301069,2.0359874682319727,1.6817464103579098,1.812213387165692,1.7574415148616116,1.6466358162818349,1.6709482277174672,1.9449410882421825,1.6466358162818349,1.6709482277174672,1.8588513532150437,1.681719283614766,1.7370743060920744,1.8654164853372568,1.6635133977457963,5.03122498215992
2013-12-22,7.823129252,3.498050341515552,3.7056006116336424,3.5195102096378186,4.042377790889042,3.2243177641216443,3.2825670455855644,2.616726185245219,3.2243177641216443,3.2825670455855644,4.05347819702798,3.7054774668760313,3.994567951401918,3.5888319641270896,3.1771020062950432,6.395788311076454
2013-12-29,8.090349076,7.083571440325433,7.257964559111558,6.319072079379648,6.795742430825392,6.1830770399315265,6.134397081581473,6.328126508519036,6.1830770399315265,6.134397081581473,7.0313769645625,7.123539640029365,6.3366320694350495,6.5890160019606165,6.4853110518223716,9.121804262232663
2014-01-05,6.71368861,7.432472488026656,6.7225118397699655,7.2337388877937014,6.196417724922316,7.33837307511959,7.277651571062481,7.042023915306669,7.33837307511959,7.277651571062481,6.510269399816949,6.722492958632727,5.679898168717642,7.3297122459028925,7.752694463815231,8.013355783044384
2014-01-12,6.18,6.106345008227959,6.244768040557176,6.377660319418617,6.979567258098156,7.039387768090409,6.732574416941977,7.013206438190224,7.03974336602881,6.732574416941977,6.3831729470702445,6.244767361849918,5.489483720643278,6.5411618597019405,7.0224239295864335,8.669714891862139
2014-01-19,6.455266138,5.555531954414822,5.7422351932182165,5.98827679012162,5.787840788711764,6.246569300035239,5.931454333440246,6.258381950828395,6.194698178653492,5.931454333440246,5.847141697651559,5.742234443825263,7.477633988815808,6.135888288815844,6.118898296885938,9.132173284488868
2014-01-26,7.054945055,5.6796131394366745,6.082187869837671,5.653402636177392,6.1379029195057,6.0834118311650265,5.936334257917035,5.7679454747574574,6.0834118311650265,5.936334257917035,6.002651662567838,6.082187869837671,6.316539373144564,5.695859921982853,6.041334157141937,6.790848059037852
2014-02-02,5.306122449,6.0478552029517925,5.468567484778097,4.9950602063544345,4.935311868676816,5.986572271890898,5.777959048389612,4.678223990907255,5.986572271890898,5.777959048389612,4.773308038859161,5.468567484778097,5.577852571473075,5.338656944181468,5.936860295548217,4.2888029886156644
2014-02-09,4.129168872,4.3769309355738235,3.8372518795914914,4.7332234748993045,3.587998941756603,4.4995254717859,4.347496179554503,3.941342397063828,4.4995254717859,4.347496179554503,3.3980427787774152,3.8372518795914914,3.5050924278027273,4.7550410365944815,4.4865721444181315,4.390419406726471
2014-02-16,2.9094557310000004,3.1051399699133904,3.3247967899482,3.3564729725788323,3.066041206777419,3.550132059411823,3.295577231388513,2.8743570082890626,2.9787080261403003,3.1329850119963867,3.641656901284112,3.3247967899482,3.379035414758497,3.356760370907908,3.0947513978065126,2.437932515883132
2014-02-23,2.247778359,2.1128582879944746,2.7994823971167953,2.66053692602086,2.404620870308668,2.6723584306834933,2.4788614932467894,2.054680336393401,2.155881119713636,2.18503137875399,2.81987647657619,2.7994823971167953,2.7990558397957392,2.6245832523621626,2.22206831479339,2.3031352265524707
2014-03-02,2.303988996,1.5575305584172212,1.4535417642992807,1.7712837946249431,1.0965006202790253,1.6860007184268715,1.7940107414203998,1.2095730013672061,1.35684709788657,1.4326652196811516,1.360501930506987,1.4533625282634264,1.6854679782704474,1.682774209362344,1.3834379646478707,1.3429637656279192
2014-03-09,1.6938898969999998,1.6783087352334127,1.6245022863253633,1.7535257005852292,1.514283723465566,1.6478033785108075,1.7085735863439016,1.3756070232500388,1.4036154229306002,1.7085735863439016,1.8881352881124749,1.6245565690869002,1.5711865503882745,1.7737577770924666,1.5099661284350008,1.1832808228823672
2014-03-16,1.162147205,1.0657820055586988,1.941351623193884,1.2315734734376045,1.7573680002305436,1.2499076663588824,1.1793876174334046,0.9904551295607222,1.144083054377142,1.1793876174334046,2.070624665664744,1.9396834660082245,1.9397480741144508,1.2258747269759689,1.1342551591335717,0.8317709683970291
2014-03-23,0.8176614879999999,0.5112535508081999,0.5640552633245617,0.8741339307863999,0.5752956173454327,0.9178115147741159,0.8528383049825388,0.8546962023875457,0.9176368292820284,0.8528383049825388,0.5532994495633645,0.5651732856779561,0.5483097627377032,0.8739085860438731,0.8662715909419854,0.6513499811390677
2014-03-30,0.7861635220000001,0.3281876959406729,0.5568769250048984,0.4764225309584194,0.4608613805410866,0.4812112804688704,0.451242718525888,0.3335124860687761,0.3605501465778087,0.451242718525888,0.5105978804002129,0.5571908667789123,0.5714187012013874,0.4884192149525554,0.3904662336872904,0.9282028753797322
2014-04-06,0.945626478,0.4765083368295162,0.7508817526456951,0.5902984553258545,0.17692576704274998,0.6023785178336456,0.5742239654212857,0.5640574573131099,0.5370342729326352,0.5742239654212857,0.2817108710614842,0.7508480690510606,0.7584313275511823,0.5653990047466753,0.542670226594338,1.0215240756855744
2014-04-13,0.6722024520000001,0.5283240444012423,0.6472672107755216,0.6202854479931204,0.43833147804554173,0.5916740201893518,0.5377152060420731,0.4683996182154289,0.5631901133110933,0.5377152060420731,-0.11623323992973501,0.6472443702095425,0.6590859445031911,0.6407050470155697,0.5803608234502529,0.7177117235787775
2014-04-20,1.139721401,0.4734966253975834,0.4848996582724068,0.4795520874333821,0.4181418735620341,0.44765793496458506,0.306194907059266,0.35948569092453075,0.4640274818167458,0.3437490637016149,0.0008663767244663223,0.4848786101378315,0.5497032920773157,0.4797341147309697,0.6121579761743771,0.7135641146762957
2014-04-27,1.080319399,0.8308494276464051,0.9682812118609528,0.8006514254474797,0.5318654592523082,0.9356534672858836,0.6160905511472661,0.6340194698050051,0.9356534672858836,0.6154626321883446,0.7943284221345029,0.968277109611738,1.0052281673505807,0.8714098607243326,0.9825230611883506,0.8856898841292933
2014-05-04,0.787401575,0.7805056311999251,0.7081421073415015,0.6419720608237689,0.3960668232795306,0.8224388344776363,0.5716744132271838,0.5065387356230104,0.8224388344776363,0.5716744132271838,1.0962119002776305,0.7081458002321717,0.7574293892422663,0.7359661453084552,0.8912244291323552,0.5258848118389912
2014-05-11,1.576576577,0.5584800410394553,0.7126738480560504,0.4366172866077742,0.5902123790214797,0.5791287227131255,0.3492989160196693,0.4818218706249604,0.5791287227131255,0.3411875938306765,0.7542620725464466,0.7126710923921196,0.7517911438872189,0.4845333970901802,0.6387485673921448,0.4004196425389148
2014-05-18,0.6276150629999999,1.1828304469975608,1.2173736884508488,0.950242547671633,1.2632121299703731,1.0996384805421766,0.8761301268609756,0.987347119352969,1.0996384805421766,0.8761301268609756,1.366894852558988,1.2173881343876822,1.274905288171983,1.0224992666751265,1.1452575971983818,0.37968159802650536
2014-05-25,0.602006689,0.4170590685372306,0.3112672679049322,0.4525384317404844,0.06657046734520611,0.5695381833778761,0.26900188666714153,0.1894108406310815,0.5695381833778761,0.26900188666714153,0.254852125766563,0.3112672679049322,0.2677169986674701,0.3943598611205035,0.4805700174541028,0.423231491502565
2014-06-01,0.134048257,0.3320383222039589,0.4181136614747587,0.3248957485383581,0.2272125141126522,0.4449474543299576,0.2270127670081397,0.1622837485261588,0.4449474543299576,0.2270127670081397,0.30930065325013945,0.4181136614747587,0.3648064932036397,0.33128932843458125,0.4361009989022817,0.2842865932694225
2014-06-08,0.370141888,-0.018192973618193387,0.1051765092265613,-0.02329299674471841,0.07185970748107118,-0.07922308388489308,-0.03248436240068253,-0.046156633487959065,-0.13018195255037313,-0.03248436240068253,0.07493130876120048,0.1051765092265613,0.12954640869665754,-0.0501438618260297,-0.11962218442119266,0.2396997975677424
2014-06-15,0.154559505,0.18559994559126206,0.20775146949722575,0.21392207318889175,0.1279986844199652,0.23008643538914564,0.19924199472529192,0.17495888437489016,0.18648673511198652,0.19924199472529192,0.16888405604361822,0.2077502163750562,0.21446275567989906,0.19193268230708194,0.18102374051112613,0.18163327293299614
2014-06-22,0.15128593,0.01706390245393341,0.4037367080468881,0.16029550499240108,0.4326744022075932,0.11734293806916085,0.06975450884009238,0.05295624480317973,0.08633261196058473,0.06975450884009238,0.4533304595876442,0.4037304288278487,0.41550831985768544,0.11442237246335285,0.21970931673224106,0.016765819059342046
2014-06-29,0.17857142899999998,0.042907956731168095,0.04352362837097679,0.04801462569143666,0.23904540921198936,0.09538120822100772,0.04291806425352074,0.043192801491905415,0.03492610422223818,0.042947364624467584,0.17838971998004816,0.043518348945992484,0.034097405243122436,0.02767177324939141,0.0415826414348004,0.012618210156860156
2014-07-06,0.427350427,0.05421389432401358,-0.049651790987552236,0.0010284049823789942,-0.09865779499456596,0.016498317905584203,-0.03678901835505344,-0.11279226910537933,-0.07032089066747949,-0.036776511392518696,-0.0933629571418264,-0.049652431119211686,0.056624703231777485,0.007313744433657066,0.12085733853596815,-0.0796660879233615
2014-07-13,0.255427842,0.4467664214263487,0.3489510390313275,0.4126079324075449,0.3676874807829398,0.3797322639508185,0.3857340237582234,0.3977720463835299,0.3797322639508185,0.3857340237582234,0.2513756212492215,0.3489510390313275,0.3407374117116275,0.4243608483730224,0.4296902536857353,-0.059964945636572516
2014-07-20,0.139275766,0.2630042545842368,0.35993664538353465,0.3990471204618031,0.3478193770757645,0.37475568637169787,0.31973394423914714,0.28816768236056434,0.37475568637169787,0.3195935809416537,0.9383704021906816,0.35993664538353465,0.3748748246260849,0.4180428718509557,0.4090816889291105,-0.11803147027131874
2014-07-27,0.0,0.24164879986155485,0.20449670718726032,0.2801701124082334,0.2557772800415916,0.2149085301612008,0.2547557719952016,0.228083660375592,0.2149085301612008,0.2547557719952016,0.2554147174292958,0.20449670718726032,0.20228098810352899,0.2869876488431966,0.23540108375962895,-0.0941827190820479
2014-08-03,0.294985251,0.0943185231255692,0.21088723616735905,0.11875039006158805,0.060237767172395484,0.1225532867380208,0.0214013057718736,-0.040272652097846695,0.1225532867380208,0.0214013057718736,0.01811637321259552,0.21088723616735905,0.20471153658318866,0.09410929613926756,0.08255714205708142,-0.13254810143000514
2014-08-10,0.125313283,0.15868256706460082,0.3266777914159342,0.41003202249107584,0.26517477323655725,0.24433022956739905,0.3576338521456486,0.2370839639547606,0.24433022956739905,0.3576338521456486,0.31240439111256224,0.3266777914159342,0.3099545486882902,0.3939095837351792,0.17664741981882326,0.11527153049328633
2014-08-17,0.0,-0.032774056902292965,0.21876946557129615,0.16929317426641255,0.1540736291840361,0.12013497008300901,0.29608446572151936,0.28070260381353496,0.12013497008300901,0.29608446572151936,0.09865059331307302,0.21876946557129615,0.17086584948159134,0.0964573659438508,0.11470204745634605,0.2511057220495676
2014-08-24,0.144822592,-0.02034938439000156,0.0677340036652132,0.10496199291956644,-0.05563477141092377,0.028398074520150862,0.10725808758332532,0.08063601675062193,0.030646379386676918,0.10725808758332532,0.036479116909332365,0.0677340036652132,0.0036519338674270148,0.0398653954151853,0.04563739430397251,0.23762599311650145
2014-08-31,0.242522231,0.20243359696784105,0.5146342861839379,0.162669250304863,0.4436320065832389,0.1768287241672548,0.2944979305054181,0.2917498749206262,0.2403407904756505,0.2945609501084996,0.35573458086228005,0.5146344783181276,0.5091576507653104,0.17044400333298282,0.17839228748707206,0.5580287808332256
2014-09-07,0.209205021,0.3915860066539905,0.7857677974940226,0.4335607036866704,0.6344832457111544,0.3309575329629801,0.5195120454388518,0.34339894071793564,0.3661875111032333,0.5194844330384354,0.8383587698447604,0.7857601037950251,0.7203186240770234,0.426493481640376,0.32839362234118274,0.7021581901944707
2014-09-14,0.207900208,0.31709348477666355,0.4659726906266155,0.3828107485608321,0.8157739781672491,0.273079944257945,0.5804568551437854,0.4118385505965052,0.2731194993838977,0.5803981439311936,0.5389119099187205,0.4659694815124889,0.4401588845435975,0.26673397746633043,0.4151916471071005,0.6731249278770974
2014-09-21,0.14471779999999998,0.3919764513939168,0.21954045211062567,0.39868347257917547,0.22862037701981985,0.4088724283417198,0.3979722084352191,0.2582347430444798,0.4197760520235707,0.3980325909736189,0.11530396575679693,0.21954045211062567,0.21256754980652606,0.3877058604526493,0.4016356506192696,0.7757782482135238
2014-09-28,1.063122924,0.9660467109383798,1.0855331285405208,0.6778556649113703,1.4927522462658211,0.4829179644042185,0.8358670443063821,0.9913805279672456,0.4829179644042185,0.8358037987174635,1.4043667924416796,1.0855331285405208,1.0135154973692175,0.6647584243975961,0.4838919916479374,0.8400661862019929
2014-10-05,1.219126029,2.083759372044534,1.549946937406645,1.9124101610020443,1.7327879139493048,1.2849667521628048,2.029359152757225,1.928038429487838,1.2849667521628048,2.029359152757225,1.4899884561835224,1.549946937406645,1.5127833093679832,1.8758042117050984,1.2862800442389373,1.2403104452914928
2014-10-12,1.188455008,2.0176873269862767,1.926488697440196,1.9559027212452007,2.3617461942783624,1.7510206428486463,2.247507485028984,2.34035192246897,1.7510206428486463,2.247507485028984,1.5463184595618782,1.926488697440196,1.89031035480682,1.9035849273885264,1.7597154734058948,1.4062148013907676
2014-10-19,1.157439688,1.792287828022332,1.3781886339658156,1.6527198955412947,1.642167056853762,1.4806846960720284,1.8316711668742889,1.6978547547790594,1.4806846960720284,1.8316711668742889,1.5265084705521308,1.3781886339658156,1.3389205090013976,1.6278126683750074,1.4557825434375549,1.1853546273336082
2014-10-26,1.378776143,2.0034333215992963,1.3859276331517674,1.5453650498588,1.5859611621194325,1.5418910958797376,1.729439124496555,1.794732000056387,1.5418910958797376,1.729439124496555,1.3702926490502607,1.3859276331517674,1.3690729541897697,1.6301054181151702,1.5091969854776894,1.3999933880370448
2014-11-02,1.63132137,2.2420232801680724,1.4223152167076571,1.8973520999054971,1.8588757430077456,1.5570642995789128,1.9135897196946876,1.8328857441899695,1.819398872517752,1.9135897196946876,1.4866083897176174,1.4223152167076571,1.3697799197179152,1.808376721515354,1.6224219312514407,1.7141747624000463
2014-11-09,1.519808743,2.087489000403525,2.080320800689499,2.000368712258211,2.325607576676255,1.8396302048540896,2.225066483921481,2.1440956199713237,2.0460085746857697,2.22783588569592,2.129522457449069,2.0803332422104672,2.053782560516233,1.9484477471909067,1.997235583092165,1.4476908904155859
2014-11-16,1.324207707,1.8797122296278983,1.950292463499728,1.9129991164252635,2.19638216338078,1.9051644374592824,2.106517332170363,1.9806331730996043,1.9180283436203245,2.0567628191054803,2.057290952261642,1.9502751614704432,1.8106460894035497,1.8625941753576016,1.9084474856912477,1.6104845398379994
2014-11-23,1.727804359,1.9276868866075352,1.5514310357231442,1.9409747907166,1.9097462842909567,1.763284531401842,1.8804290856475667,1.8613739885720355,1.8204419731584565,1.8804290856475667,1.6982344343678268,1.5514266838191553,1.5334459672134075,1.8515595010639812,1.721290670146922,1.89978026078611
2014-11-30,2.514379622,2.424914993144589,2.173128141387636,2.433742013259761,2.4533680932951145,2.0920090602669883,2.078641319146169,2.4251818860085828,2.1298363885473384,2.078641319146169,2.3424586046226823,2.173157819442109,2.1932602105256587,2.38077163316438,2.218382658479579,2.739671063538688
2014-12-07,4.3761483210000005,2.931997826889177,2.6189121927569032,3.083090505245088,3.1234921964829,2.9171821648308445,2.7478483294482534,3.4351269243201434,3.0550167592395834,2.7478483294482534,3.0920162891519167,2.6189457666967484,2.7082853806393064,2.9997788950998725,3.2462911087444133,3.5577869195532363
2014-12-14,8.45410628,4.861198569102407,5.021279106267919,4.850994176882339,4.89765116965941,4.928694352982927,4.709242147366787,4.580785231432032,4.928694352982927,4.709242147366787,5.593801646596957,5.021312943857059,5.1734871463205625,5.0060373359087125,4.62513609993975,8.040315240910518
2014-12-21,10.52631579,9.007161872935491,7.650319388553821,8.392920811461092,8.315385925180518,8.027311383585019,8.169894520599291,9.01902357932601,8.027311383585019,8.169894520599291,7.48671948516101,7.650529893045403,7.6758935183341155,8.641305629328565,8.24997739534786,12.422264046382608
2014-12-28,5.001309243,10.826355431815523,8.804747808138204,8.74390736095086,9.646962608634484,9.68902157944477,9.791758748173956,9.934349030674117,9.68902157944477,9.791758748173956,9.284029751812358,8.806120660485849,9.096627152981284,8.88076243351091,9.892857662012172,8.474777273445492
2015-01-04,5.284820547,5.3040375496299585,5.096040465650842,4.629471461118276,7.120374452341798,5.788501444383462,6.124294411741945,7.120374452341798,5.788385532671058,6.124294411741945,5.240741149498147,5.09601692170095,5.205942677418892,4.5660513207631,5.907566647695496,6.340832493118569
2015-01-11,7.43509048,5.648428511888998,5.517804467654579,5.2455587141452416,6.964526068233843,5.991068441443432,6.119924659785619,6.695198611048998,5.990947281062933,6.119924659785619,4.8117749384093385,5.5176698713080965,5.5544548830453255,5.4520763037118005,6.111335561793067,9.150837524550038
2015-01-18,7.924446373999999,7.271102210511849,6.121520933937433,6.9682372126704415,7.903391990590848,6.980088065686914,7.54104480643003,7.903368050897198,6.980088065686914,7.54104480643003,6.49576175874969,6.175061867555794,6.112790016209476,7.611538790493046,7.4363028785196015,9.410063080955153
2015-01-25,7.301017355,6.7723599291990455,6.649608914161791,6.949293510960644,6.7140246608397005,7.076626037878171,7.071374053584042,6.718349256197122,7.076598675550217,7.071374053584042,7.384323439025401,6.63388040059495,6.452500269627472,6.8309062023775375,6.88009407544935,7.323815803006773
2015-02-01,6.586050529,5.812753702258531,6.5746778079706845,6.3708368867121115,6.220107552895317,6.478844262671647,6.548171874440478,6.225547710524098,6.478845729330871,6.548174838449495,7.80600086563572,6.2541432898923,6.660104093771098,6.379663971981933,6.477828301294516,6.770110014525442
2015-02-08,5.821078431,5.229723391168654,4.517660250592329,4.965960632689093,5.5461356645975615,5.555150530843445,5.927174531885832,5.5461356645975615,5.555111235440051,5.999957522709826,6.113933959087218,4.28795295500563,4.650997137066426,4.96487056046691,5.39207117140507,6.094049763420898
2015-02-15,5.443619654,4.710681219049384,4.636253936543397,4.447217610984508,4.815300025556594,4.7714868026172335,5.163441001724871,4.815300025556594,4.771426676770163,5.163468193907902,5.172864612653305,4.446861219279062,4.650508206685026,4.403059720750079,4.677578672973853,4.373828971116543
2015-02-22,3.477141017,4.554211625149189,4.605021094625675,4.394850126089337,4.462891415810142,4.6128045033611125,4.773990620763397,4.462891415810142,4.61276544638791,4.773990620763397,5.631999646339166,4.429554867471858,4.623954520911521,4.437361671655416,4.503762579538928,3.8346398137939013
2015-03-01,4.5147529330000005,3.071587498214723,3.9965034231963568,3.7845665684462366,3.8871369679386634,3.45309664955363,3.558717972400552,3.8871369679386634,3.45309664955363,3.558717972400552,4.4329677516445996,3.96136258682578,4.0641701526732525,3.8026380298177527,3.4255808988480467,3.851230249403829
2015-03-08,3.46331452,3.3994485887207517,3.274080688418603,3.2963646019651494,2.7400979040270217,3.0843045625575467,3.190848303398798,2.7400979040270217,3.0843045625575467,3.190848303398798,3.134365104408186,3.4833799817198345,3.4020956304497383,3.3245718126385464,3.1243949170858327,3.4966096882416284
2015-03-15,3.084061135,2.738641393150827,2.8053918742500823,3.1632829966008584,2.2885784343078046,2.489644174349609,2.5834963399821205,2.2885784343078046,2.489644174349609,2.5834963399821205,2.3277334499784077,2.920264131970746,2.6908481219125706,3.2132616688049205,2.508644038103674,2.7645567169535794
2015-03-22,2.435253189,2.3433919076489205,1.595131153663447,1.6801789274530192,1.560062518814073,1.9693323240320784,2.0324373162551423,1.560062518814073,1.9693323240320784,2.0324373162551423,1.0827992074525534,1.840959628574269,1.5241943770619637,1.6608400228493612,1.966665921184676,1.7836472115166175
2015-03-29,1.7351598169999998,2.156163915694884,2.180941999364226,2.232710821439184,1.061275988345225,1.4606857499299049,1.4790544471304152,1.061275988345225,1.4606857499299049,1.4790544471304152,1.4389435127994306,2.5164401377911108,1.9523963975497176,2.2469749662359773,1.4867276328484924,1.5057574150503326
2015-04-05,1.374088615,1.7217554325683988,1.1011913904163002,1.171074976341648,1.293186815808633,1.4041428782637944,1.423596670180021,1.293186815808633,1.4041428770288495,1.423596670180021,1.1099891433719824,0.8648087001876914,1.1289541033268895,1.2080001131641829,1.4301959116645906,1.2766020231882094
2015-04-12,1.069665387,1.5966011384207577,1.2003538512532166,1.4351823857928665,0.9084145197320804,1.010049268542541,1.0423546964979629,0.9084145197320804,1.0100492835109702,1.0423546964979629,0.8368547959911437,1.6398187382723812,1.2562360748344017,1.3744259803263266,1.0729662848743036,1.1573582672418554
2015-04-19,0.905269964,1.3453756369662453,1.075237443358824,1.0730266132713662,1.1853540891700307,1.0515357586752327,1.0712629924947272,1.1853540891700307,1.0515356568539502,1.0712630193703232,1.198753282691421,0.9729700117371514,1.0723216459457512,1.0679286968253925,1.1027697860383563,1.0070074445268875
2015-04-26,0.731197772,1.2494022744593822,1.3599310892376468,1.0157747113102606,1.3550138931477511,1.0843760360094878,1.1097772654119389,1.1662348554371285,1.0843784035333042,1.1097772654119389,1.226236451998436,1.2606412331946333,1.3521236555168248,0.9908742561074018,1.1014425892018116,0.8919112974830161
2015-05-03,0.498132005,1.1667899026561168,1.3835302706570942,0.8487835268465764,1.3403403621548788,0.6956207362131293,0.7765622204805511,0.93551447849233,0.6949592474279884,0.7765622204805511,1.4320733895825148,1.3440866296438003,1.2793202840159386,0.8227417384593796,0.7125438915726425,1.1283250049244826
2015-05-10,0.4768717220000001,0.8229070492675077,1.134172001361871,1.3027560211997065,0.9177749378312328,0.6968591211658433,0.7448586812130236,0.9177821687034724,0.6968591211658433,0.7448586812130236,0.8275935180472962,1.3823195295366777,1.049586996168894,1.3290754537733416,0.6195332795508353,0.6751987323283384
2015-05-17,0.4,0.6368223210857613,0.9458293570329634,0.9907853496792559,0.718684733339233,0.5548825858138553,0.5645587800012997,0.718684733339233,0.5548825858138553,0.5645587800012997,1.2700084852782405,0.9589089285623482,1.1524426056932473,0.6646410670227854,0.4675143740838803,0.33509480232482525
2015-05-24,0.8,0.4660247329710394,0.3200433885839906,0.4695591726190389,0.3542746339852325,0.5161223781036874,0.5377738792255327,0.6421728434098459,0.5161223781036874,0.5377738792255327,0.2940499967116659,0.3604242770561637,0.2268828494806927,0.4057182691956174,0.4566335849993179,0.28532349549504304
2015-05-31,0.7,0.6115109286239715,-0.33936644370693925,0.12045520091268867,-0.20283189492040327,0.501276836349686,0.532791286455625,0.4906678843460202,0.501276836349686,0.532791286455625,-0.2583747015927904,0.2497124333046041,-0.3219368941209435,0.15327481499087134,0.4598545539486345,0.2822127888181816
2015-06-07,0.6,0.5004005685194057,0.8306853733103554,0.41061430325906256,0.5561203308394607,0.5009770188530399,0.5346897491391858,0.4939827612661691,0.5009769954666239,0.5346897491391858,0.7127291915366014,0.6324447125334305,0.8549669312159829,0.38193284624307394,0.5043640511721041,0.16711664177430974
2015-06-14,0.7,0.4663070578822906,0.4308637271259306,0.2717013058798967,0.35002768582658583,0.5271132015210009,0.54416084725355,0.5213473080836961,0.5271132357258217,0.5441611440224783,0.4247153317410151,0.4145601707540552,0.3624247438152257,0.3340297641190337,0.5346915512104866,0.2521426242751881
2015-06-21,0.2,0.6352354708502901,-0.15779361836489691,0.31104927360228385,0.2740725743773651,0.5989170364952496,0.6182428188147662,0.4743190265204386,0.5989170142081996,0.6182427158856614,0.11460010630862373,0.12018545795285696,-0.056827119744564676,0.4516099195510375,0.6355927513957216,0.5061836695522024
2015-06-28,0.1,0.4356204206945893,0.03553394854780656,0.3024913891122276,0.16232154694238865,0.3893108654887385,0.3932040500313856,0.6180348940134355,0.3893111729010865,0.3932052722978656,0.04903883762981653,-0.005042451023781425,0.07372077774244445,0.4077196103944893,0.4531254052296694,0.4346374159843902
2015-07-05,0.7,0.32195813788961525,-0.2332089892114584,0.05154337642281925,-0.1889170791243,0.2920647809022272,0.2455724228278471,0.460660412943713,0.292064419657561,0.2455724228278471,-0.3412483617150821,0.10384686422484556,-0.17002911189850067,0.19573160878513285,0.35502919087120066,0.3330209978735843
2015-07-12,0.3,0.5552587874573476,0.2768211211037217,0.3495072755069295,0.20810486608152345,0.4397302038352371,0.5023596877552352,0.5606536492497718,0.4397302038352371,0.5023596877552352,0.20484882585672493,0.32053647367688104,0.31736027784410137,0.3949202426810237,0.4663872566729521,0.13289886832883435
2015-07-19,0.3,0.3303991963396218,0.34856950335352543,0.4048693269409007,0.3756090230022631,0.4934142309342216,0.4891881997865779,0.621390920583891,0.4934142309342216,0.4891881997865779,0.2432363513487623,0.3024528688826591,0.3787268220200357,0.29031104269624897,0.4362264039712172,0.14430479281065933
2015-07-26,0.2,0.3685468616283429,0.29551673219095176,0.19708830215251785,0.5868460346684821,0.3963880951361214,0.4287787419154661,0.5868460346684821,0.3963880951361214,0.4287787419154661,0.3546135314808423,0.20090474884017984,0.35929393399817555,0.10039429306898053,0.326909117594028,0.001212285675034952
2015-08-02,0.2,0.2930474722858747,1.0171960839450136,0.9046288835777924,0.9147759686857726,0.921784139828654,0.8594651227080874,0.5295394281703842,0.3717895886344289,0.3929220746089053,0.7733762737753835,1.4182077527014263,1.03342762607094,0.7440967025372807,0.33490912874738465,-0.02471026996547665
2015-08-09,0.1,0.10447705133422858,-0.008585263021578804,-0.0924783138537122,-0.05459322029904401,0.38022126626025177,0.3979345531277003,0.5261709048151997,0.38022126626025177,0.3979345531277003,-0.05983841985111926,0.0464118254202246,-0.03362165744679135,-0.10630703123650953,0.3148640946634109,-0.022636465514235704
2015-08-16,0.1,0.19315802395163573,-0.09657174631291987,0.0045978117930718385,-0.1305894635670053,0.1950836661354152,-0.007942509072572435,0.15237882769077093,0.336479162522737,0.3711416049424474,-0.055407968086383264,0.07420360272893145,-0.11420414236178901,-0.018549487900126227,0.3265685141932968,0.0
2015-08-23,0.2,0.2012026228505046,0.12760109176035805,0.19704719275282606,0.1303969463556922,0.4556368852859658,0.4140372386883033,0.2117953102118724,0.4556370404070795,0.4140385515400651,0.07997052181344921,0.19780768073978766,0.0370062440994956,0.23567875867171195,0.4450959784474615,0.0
2015-08-30,0.2,0.3069828256887652,-0.5775939218346995,-0.13950680117664582,-0.11496167260948732,0.4207229375023447,0.421478324510054,0.03527318052136818,0.4207231248898422,0.4214806451761004,-0.07777453992678884,-0.20961208310433133,-0.33788818867607073,-0.1177946292513119,0.4068674074217253,0.0
2015-09-06,0.3,0.299584187613658,-0.08118578106303652,-0.1816351805823904,0.3668764092606805,0.4911068038638795,0.4347434971390993,0.6597934848490783,0.4911070460253026,0.4347491892613395,0.5506617651476216,-0.4174486852943473,0.07981596134048541,-0.039227963400428216,0.5074978408537096,0.0
2015-09-13,0.2,0.4773596696370848,0.3492288385381621,0.15627784332422626,0.848975542183626,0.7210413846780861,0.7016209746145137,0.848975542183626,0.7210469629532024,0.7016215706728284,0.20899498273663264,0.5221719600971646,0.3582754910805943,0.5403026299428213,0.7508731137628053,0.0
2015-09-20,0.3,0.7021519042139692,0.3459042172603828,0.09658609611612423,1.1323985907104699,0.8782191660698657,0.8618643266122139,1.1323985907104699,0.8782191660698657,0.8618643266122139,0.3912382636979812,0.39004096653182296,0.4736327345529749,0.6007953633848859,0.8937359056833258,0.0
2015-09-27,0.3,0.8620619558741653,0.9340761899561524,1.4483600113040522,0.8619052203286905,0.9424236283042468,0.8894340343429554,1.1024235357315442,0.9424236283042468,0.8894340343429554,0.9330162169333428,1.3289729230575542,0.9360639387052204,1.4318050461456966,0.8897980423924952,0.0
2015-10-04,1.1,0.8548234499618634,0.4448557718277328,1.0604939280560972,1.2166248605174494,0.972916929612592,0.942365303640023,1.2166248605174494,0.972916929612592,0.942365303640023,0.27274291148623475,0.7377013507229448,0.34117932618287417,1.03033029305422,0.9211524473847406,0.0
2015-10-11,1.1,1.2033116141821771,1.272197522156272,0.9895543131099184,1.0684218059372537,1.2741349449686703,1.17654650250851,1.2583800491656911,1.316375839655506,1.2366104596056702,1.1393234579976403,1.5644452344012931,1.2117460552591002,0.9470521784857118,1.2747615344585719,0.0
2015-10-18,1.0,1.2459893383292897,1.4563607786949406,1.0471319053366144,1.1830897369035926,1.24520521493512,1.1767143879259807,1.1385948941679287,1.24520521493512,1.1767143879259807,1.167964753578555,1.8213546329291437,1.4509084532575207,0.9592024716214408,1.2070634655549963,0.0
2015-10-25,0.8,1.2313411400087342,1.6472058764412756,1.0233589661021705,1.5549104650830072,1.7492434650154487,1.6001799133818644,1.1001240718978025,1.3169999893530977,1.1532084265880134,1.5819724840954177,1.8128610491208488,1.6062378407306106,0.9711278132414956,1.2885864432891838,0.0
2015-11-01,0.9,1.162053241766892,1.0292576491233554,1.0434221735891245,0.9936635650026712,1.0674686041055357,0.9225511015622616,1.0360586191328958,1.0674485162106433,0.922547168312566,1.0865310039671083,0.7891663172383647,1.0035381661050282,1.0554130790015273,1.0365233570627757,0.0
2015-11-08,1.0,1.2370047583438692,1.1659920256535348,1.3238637269663338,1.3080961640484077,1.1832456634604749,1.0651961362094782,1.1986582004875082,1.183240645203771,1.0652022230752392,1.4583441999468434,0.8016750719208467,1.0831387079818129,1.3184272207220429,1.1677665590382196,0.0
2015-11-15,1.3,1.489486993193934,1.075630927654374,1.5941709443965628,1.6529008712343742,1.5678612704563888,1.4887625228185288,1.6529008712343742,1.5678612704563888,1.4887708962250552,1.3706153754287884,1.0313117775942986,1.0581336871959572,1.5709224474443526,1.5575103808217876,0.0
2015-11-22,1.1,2.2582509742211654,1.7458082659002974,2.152085293530257,2.001072465008992,2.118307826877054,2.08080226858688,2.001072465008992,2.118307826877054,2.08080226858688,1.9648110250399244,1.7702638681758431,1.7127390314256832,2.1211174035511293,2.070788606851087,0.0
2015-11-29,1.0,3.4208627691597497,2.2054320584845724,2.8068754495221504,2.5527986599457155,2.7545337494664883,2.7792534413474144,2.5527986599457155,2.7545337494664883,2.7792534413474144,2.2788767512399173,2.0866684150664625,2.0613361712701064,2.570099032236928,2.448197598742655,0.0
2015-12-06,1.3,4.186454514331382,2.076669607498704,2.7137723899220343,2.60718807642019,2.619637248331244,2.6938938433502444,2.60718807642019,2.619637248331244,2.6938938433502444,1.021192611992669,2.4905876826042204,1.8814432869503528,2.4264463196822748,2.32609604383645,0.0
2015-12-13,1.2,4.536122751307206,1.3826623617423273,2.527205739310121,2.636387313801512,2.573613748325089,2.7192538166422597,2.636387313801512,2.573613748325089,2.7192538166422597,1.0893121631098683,2.227846890446981,1.4443039344908777,2.073240220701672,2.1158442377838425,0.0
2015-12-20,1.5,2.7462169513886545,1.3339917083797588,1.507545459467161,1.582163670384329,1.4657089691128982,1.4647883814316884,1.582163670384329,1.4657089691128982,1.4647883814316884,1.0034613657764488,1.2973962010757318,1.21652432958129,1.3726554622091385,1.3519144387779445,0.0
2015-12-27,1.3,2.290582025275346,1.8500742597680848,1.5869400603283257,1.368336528991321,1.4762120960796723,1.5579961046469886,1.368336528991321,1.4762120960796723,1.5579961046469886,0.8699959784306033,2.1843304913282284,1.8326852978007504,1.5458679504932358,1.3878051366978907,0.0
2016-01-03,1.1,2.1492691804648483,1.2412294564665791,1.6306679024897381,1.3693975125014133,1.329357947618333,1.4203379205568232,1.3693975125014133,1.329357947618333,1.4203379205568232,0.8313734600266598,1.4539885037768319,1.2093237177487954,1.6020076874359035,1.4719803922000072,0.0
2016-01-10,1.5,1.8828369791385549,1.5850176593010823,1.8644910303778983,1.5091570484716423,1.3956280060983643,1.5245838516987484,1.5091570484716423,1.3888087028450806,1.5245838516987484,1.1332679512991874,1.6766524481661293,1.5062702453954584,1.7570517593230517,1.4094235652107616,0.0
2016-01-17,1.6,2.1681863274392463,1.2670885741444389,1.7721287446572933,1.5342099992360216,1.5233928841072784,1.4542405448858902,1.5342099992360216,1.523122795951264,1.3006157000661065,1.3240191009001765,1.0240962357659964,1.2366445943222677,1.694168082990248,1.5715959039615457,0.0
2016-01-24,2.1,2.0902882653337818,1.2834132344809952,1.5133096698795567,1.6460563637707593,1.6821016660741117,1.5936636030880875,1.6460563637707593,1.681870920739139,1.490282839379523,1.539543850922133,1.007348572897588,1.248495857085505,1.487252574614796,1.7032526431082504,0.0
2016-01-31,2.0,2.409490179579766,1.5163994051585632,1.625440210209406,1.6348864441345723,1.7920141660273807,1.7035593462890082,1.6348864441345723,1.791928572933403,1.6357302694098947,1.454145169990167,1.684269564132435,1.5933704465284688,1.6398871430623,1.741440965710871,0.0
2016-02-07,2.4,2.144272404603892,2.217358479771188,1.6626277155216065,1.7036026851256862,1.7555377326658892,1.7222081802884406,1.7036026851256862,1.7554914419628604,1.721970403953108,2.0259199027903296,2.090422502923096,2.3349998481279006,1.69012011660294,1.7580408975191797,0.0
2016-02-14,2.6,2.444519315324877,2.507325538649636,2.277042629553761,2.2226624425870143,2.2445645811552914,2.2487665683052462,2.2226624425870143,2.2445645811552914,2.2487665683052462,2.008141498500406,2.424120323989631,2.715070829852705,2.30774342974016,2.270505834028868,0.0
2016-02-21,3.1,2.488297299840278,2.4337728979583138,2.3453752158389536,2.3959183895224982,2.399288298642753,2.404772334080233,2.3959183895224982,2.399288298642753,2.404772334080233,2.2956898907553858,2.1662732007103687,2.597467398975781,2.4176054858152978,2.447643732439001,0.0
2016-02-28,4.7,2.934480505990664,3.044147315397357,3.277521449256886,2.9988286120168484,2.9817766449500094,2.9817757921517782,2.9988286120168484,2.9817766449500094,2.9817757921517782,2.9406536009186843,2.6102640022066335,3.0759815587652413,3.2505287101492,3.0039705621828725,0.0
2016-03-06,5.5,4.160962812656292,3.262698235335733,3.3809221015997766,3.0826826935275458,3.1978604791753007,3.118300419293061,3.0826826935275458,3.1978604791753007,3.118300419293061,3.0745491246226178,3.4159691000664614,3.3373742244064104,3.3756291104717797,3.1946552606991565,0.0
2016-03-13,4.2,4.8291451486437005,2.552689996396291,2.8819830840454,2.278879270494632,2.650653999170646,2.561450732664186,2.278879270494632,2.650653999170646,2.561450732664186,2.3150309537308313,3.2229191493785825,2.9056776387704484,3.1935915059514057,2.8628050534164666,0.0
2016-03-20,3.5,3.6199487415494014,2.6747168789176543,2.4854820887741567,1.94353736731265,2.3405238679096465,2.3525310695221013,1.9435376822551964,2.34079733014393,2.352472313479264,2.117416420797939,3.337261636969341,2.8707838290400103,2.8242624686135533,2.9575989140268155,0.0
2016-03-27,3.1,3.1608115078443837,2.4593897681140744,2.444989903504041,1.8208975917359111,2.237469313248299,2.178713957213385,1.8208975917359111,2.542800019713131,2.1792962370262097,2.0115405242488515,2.89694380666533,2.7983734799904307,2.7532676656901893,2.8608732924188462,0.0
2016-04-03,2.7,2.8705685816646236,2.239173363144862,2.252357239576215,1.500101763138434,1.9062237540982512,1.8576780094738827,1.500101763138434,1.9064413585350977,1.8582748033543488,1.7067801252058692,2.689938369591791,2.115868053534979,2.4757362094562176,2.198642277227327,0.0
2016-04-10,3.4,2.4654547898438035,1.67376230973054,1.8425031955467683,1.4347730919363584,1.7060484045717454,1.7224995772390863,1.4347730919363584,1.6827274857790837,1.7224750187766085,1.5393519747756743,1.7681108326714081,1.7694285631564102,1.980021052664076,1.78771303807354,0.0
2016-04-17,3.4,2.9500866912268613,1.999376939231304,2.045550544775256,1.3745547926824782,1.905070261667052,1.92097871427567,1.3745547926824782,1.8792115405320675,1.9209522666763912,1.4948975402635714,2.088870001806245,2.0548865971385637,2.153946337799717,2.069788100143263,0.0
2016-04-24,1.7,2.922205668902812,1.7945427699150254,1.8983549578912609,1.2283670705161065,1.8801521853963972,1.896121695579526,1.2283670705161065,1.8801521853963972,1.896121695579526,1.3313243714538805,1.905598037166624,1.9881595139635,2.086952743850496,2.087340685196395,0.0
2016-05-01,2.8,1.5994313360822436,1.1946362535307196,1.2291127990405302,1.0374271788523846,1.146684033892012,1.2068192796215254,1.0374271788523846,1.146684033892012,1.2068192796215254,1.1047923874534942,1.1796490076411574,1.3258668013121813,1.329261629535878,1.2250011308748323,0.0
2016-05-08,2.7,2.4784504170025916,1.6080109653849113,1.6062440077068256,1.2131445725020855,1.635178012635441,1.6935372792442265,1.2131445725020855,1.635178012635441,1.6935372792442265,1.2519544470028685,1.8511318869764817,1.7566543420806051,1.7574067805676852,1.7749916767993157,0.0
2016-05-15,0.0,2.4347475856365173,1.7336514935476681,1.7439953332874516,1.054077614880372,1.5103038167096827,1.5911752564924109,1.054077614880372,1.5103038167096827,1.5911752564924109,1.0948464458414031,1.9648575108491124,1.8421740421950343,1.8393520022960224,1.6447774571023648,0.0
2016-05-22,0.0,0.2972032699923464,1.0431888084900351,1.1330796691984804,0.9946778379548686,0.7311019746821026,0.6751430205455826,0.9946778379548686,0.7311019746821026,0.6751430205455826,1.056854300187284,1.0107111441975491,0.9930259889051316,1.127713065580523,0.7703795131556099,0.0
2016-05-29,0.0,0.3758862647184989,0.6955088775183544,0.9069668655845003,0.8705749594172397,0.5818963080928699,0.5839180025117487,0.8705749594172397,0.5818963080928699,0.5839180025117487,0.936766684818143,0.6398292438064654,0.6182551983660045,0.7252267405528328,0.6105151777417201,0.0
2016-06-05,0.0,0.21410512826740732,0.6469493899199912,0.9078827230920812,0.7610523066294863,0.4273649851914827,0.4324131910693747,0.7610523066294863,0.42715801109602736,0.4324131910693747,0.9554411885272416,0.4883299376974306,0.4792805607503237,0.776547944064037,0.41479338139580335,0.0
2016-06-12,0.0,0.18278315060477346,0.4566718583128446,0.7325821755114923,0.6857774113077342,0.2611861352671341,0.3574538474205362,0.6857774113077342,0.2607026614460448,0.3574681639280373,0.8796430909990355,0.09752884985326048,0.2982660443123959,0.53413849677121,0.2195327320859939,0.0
2016-06-19,0.0,0.2082897327874249,0.7426735915779303,0.6709514144062241,0.7856062718955241,0.3427857591111918,0.4565941548750807,0.7856062718955241,0.3422674793464362,0.4565976822785611,0.9432924272814184,0.4330486336025163,0.6137752646259871,0.5414689919804043,0.306952704786674,0.0
2016-06-26,0.0,0.2155995946066429,0.2231301215254764,0.5294870305827721,0.7841874614479301,0.3078881301273824,0.41868916602992345,0.7841874614479301,0.3076438857229722,0.41868939468778144,0.8551344867117556,-0.1318427339111281,0.11210288601137952,0.4359680982793439,0.27361481085796924,0.0
2016-07-03,0.0,0.16695253052976675,0.7210638958791549,0.6569268112620748,0.6647812256877346,0.3702247607502156,0.3520953170623753,0.6647812256877346,0.3700064471378952,0.3520988751769973,0.7631750601923759,0.4370223923147039,0.6381653132305236,0.5576321393215942,0.3429002722451895,0.0
2016-07-10,0.0,0.028766228924786308,0.674268722162537,0.6498391306856044,0.6159203192745077,0.4663253987698135,0.33029297707974536,0.6159203192745077,0.4663253987698135,0.33029297707974536,0.7081100919185224,0.7285401874220105,0.6001086349678764,0.5845461515824935,0.4463546758011456,0.0
2016-07-17,0.0,0.09435157883792612,0.1415216265358432,0.3822404214694228,0.6592629057417168,0.338956528878684,0.4077970267254689,0.6592629057417168,0.338956528878684,0.4077970267254689,0.7335252784849717,-0.10120021755494868,0.062006373239194675,0.3108762792878037,0.2981958183800222,0.0
2016-07-24,0.0,0.2674307758748156,0.4191997153103271,0.4788998501826172,0.8504477651084293,0.474196176420117,0.587546003949756,0.8504477651084293,0.474196176420117,0.587546003949756,0.8905392336034627,0.06636744189361954,0.35210755026573004,0.4103227821597786,0.4369847047592503,0.0
2016-07-31,0.0,0.05694039968301778,0.4210686438362263,0.5434092505762098,0.7352887307654652,0.5073920926053435,0.4680464883038536,0.7352887307654652,0.5073920926053435,0.4680464883038536,0.8080866877001105,0.2276069985127189,0.3617597101217178,0.48499355369013203,0.4863441321554829,0.0
2016-08-07,0.0,0.13083350151291562,0.4387592758511791,0.5638660643188755,0.6873732259170908,0.539564191295129,0.4470627146808783,0.6873732259170908,0.539564191295129,0.4470627146808783,0.7727226373098475,0.3021117573448495,0.3952776968506597,0.5073055668296029,0.5106690903143181,0.0
2016-08-14,0.0,0.2063762522104282,0.5150054836978799,0.488209190246081,0.7742369991301561,0.5046171523345726,0.5046848873559537,0.7742369991301561,0.5046171523345726,0.5046848873559537,0.8689919272298732,0.13242090193227418,0.43463168704514504,0.4676843189258859,0.489767790254982,0.0
2016-08-21,0.0,0.26550187808345793,0.31672301373993195,0.3886176181664485,0.7815521094259736,0.3121393871292237,0.4596581914159692,0.7815521094259736,0.3119477845201841,0.4596581914159692,0.8576665500746755,-0.0008685067397000701,0.25267925997626084,0.3460617483597808,0.2712998542914016,0.0
2016-08-28,0.0,0.23575289662261945,0.598796883900552,0.5397349383884003,0.7491628540354147,0.459200889771219,0.39233579065931895,0.7491628540354147,0.459122575881654,0.39233579065931895,0.8246750427629528,0.5214898484829467,0.665313794524625,0.4837837536066381,0.4193048501935544,0.0
2016-09-04,0.0,0.23353154654257716,0.4806328940757492,0.5503635114856698,0.7859118770198379,0.4237761713469874,0.4188500667653872,0.7859118770198379,0.4231879972741249,0.4188500667653872,0.8731741785358905,0.25546959748088804,0.403778051297008,0.4763741617294797,0.39269004671724494,0.0
2016-09-11,0.0,0.20612931942219287,1.5967986240502363,0.6939728855423974,0.8690101631214664,0.4200970930494767,0.4661886641605633,0.8690101631214664,0.4183464644047823,0.4661889289125594,0.9745492001316428,1.2071637305029967,1.666286433356004,0.6362132032221466,0.3979001115578684,0.0
2016-09-18,0.0,0.18528473185533167,0.8864935336340479,0.6414774742904972,0.8027650909932431,0.4495106282549484,0.4730300570336834,0.8027650909932431,0.4494336194571402,0.4730590780293464,0.8739349867824753,0.7660155339124628,0.7759876244200714,0.5698090176062944,0.4187946091812447,0.0
2016-09-25,0.0,0.2208577342461211,0.5754428139984311,0.5544452644290123,0.917753612311338,0.6209186870278958,0.546672271184818,0.917753612311338,0.6209186870278958,0.546672271184818,0.9549532296166496,0.5112223452987137,0.4961519769018588,0.4770852147290314,0.5803128939166873,0.0
2016-10-02,0.0,0.2021609727170388,0.7313170734609069,0.4887590271041309,0.9269898397880948,0.5815175530625774,0.5722045809747112,0.9269898397880948,0.5815175530625774,0.5722045809747112,0.9629946462431082,0.8369936268590918,0.6906320283374654,0.4499303582628289,0.5395450235325641,0.0
2016-10-09,0.0,0.31052520105880044,1.076346631381196,1.0737193413103594,1.0507685760470042,0.8175420772271326,0.6903517931138891,1.0507685760470042,0.8175420772271326,0.6903517931138891,1.081760271093011,1.1728847519138323,1.0141318048008452,1.0130996333068945,0.7672436041898409,0.0
2016-10-16,0.0,0.17203156132580522,0.6046208485762303,0.6131979008707218,0.8842264385394649,0.6954534826730019,0.5499644495626483,0.8842264385394649,0.6954534826730019,0.5499644495626483,0.93040552503919,0.5472674963711754,0.5486778694012481,0.571749632315091,0.6387315937372255,0.0
2016-10-23,0.0,0.23063179482490306,0.7082703740411722,0.6927035367933059,0.8855391839232679,0.591902158235073,0.5605689936506395,0.8855391839232679,0.591902158235073,0.5605689936506395,0.9335666540723656,0.6838689598841945,0.6666142323945006,0.6375957979503877,0.5524351286033327,0.0
2016-10-30,0.0,0.31422564280540244,0.7052804910769557,0.6827467303242423,0.9538176065014176,0.7263975902366049,0.6117403417936713,0.9538176065014176,0.7263975902366049,0.6117403417936713,0.9821357718494512,0.4920923906804633,0.6489513560165903,0.637529267720135,0.6660799183247461,0.0
2016-11-06,0.0,0.3452251142619207,0.7457595757746898,0.7386783604811095,1.0504767898335268,0.6196574849277059,0.6082782444783383,1.0504767898335268,0.6196574849277059,0.6082782444783383,1.0623416958996814,0.5286384630604797,0.5950733903639573,0.6647768831080885,0.568955648709869,0.0
2016-11-13,0.0,0.3047393679186097,0.5945559707843082,0.5590438918236373,0.9430553076201508,0.627172103982993,0.5095144228469042,0.9430553076201508,0.6271674210930243,0.5095144228469042,0.9322314961447687,0.7114249680977129,0.4514269227326193,0.476249316647173,0.5648813324235121,0.0
2016-11-20,0.0,0.2862097434380988,0.2048722514730428,0.35725359315696115,0.8860438598853041,0.4620512714122711,0.4854278269225891,0.8860438598853041,0.4619670780938192,0.4854291419682302,0.906787001153034,0.036065829082325467,-0.0537844444642972,0.3327865758427289,0.3186302784803257,0.0
2016-11-27,0.0,0.1867325086380034,0.3891006741286325,0.396939284950659,0.8869872407498226,0.1904461664919528,0.4641315380706304,0.8869872407498226,0.1900430017128321,0.4641365167885954,0.909155268210741,0.387989791405766,0.3074959972241478,0.3315549646256477,0.13656008070324055,0.0
2016-12-04,0.0,0.19249512507538213,0.8548429849913353,0.6423037065053947,0.8971580525285292,0.30269663234162136,0.4771653988222535,0.8971580525285292,0.302678427112844,0.4769612571837658,0.91281307011541,0.8202608815896746,0.8460830929171179,0.5940217043260854,0.29452572477816386,0.0
2016-12-11,0.0,0.19806587041788595,0.4545450792316106,0.8132899211451752,1.1720718921325526,0.6414180195992207,0.6324151464057473,1.1720718921325526,0.6414180195992207,0.6324151464057473,1.1877605483352944,0.4310043593905644,0.3712654385013474,0.7523034690632175,0.6046236702392234,0.0
2016-12-18,0.0,0.18748453964820944,0.17188831634920687,0.7329831918513864,1.2946628326873268,0.6737600207414255,0.622925423620462,1.2946628326873268,0.6736980848661056,0.622925423620462,1.3210782251635298,0.2621694673565125,0.5302317721860368,0.676917146851383,0.6381738652265033,0.0
2016-12-25,0.0,0.21382965794600264,0.3861109632840707,0.4433947642931906,1.3144610247575932,0.6156956469909993,0.6158234862774637,1.3144610247575932,0.6156956469909993,0.6158234862774637,1.358464406046904,0.3979417846202289,0.32278038742522,0.3979637668560137,0.5696765802086969,0.0
2017-01-01,0.0,0.11658496649701645,0.4926540104399994,0.4684271699197573,1.6960747885148677,0.5153252106131454,0.5020725670001424,1.6960747885148677,0.5153252106131454,0.5020725670001424,1.7873044061728565,0.2513042779289416,0.4709135515110758,0.41953033133534334,0.4668294239412889,0.0
2017-01-08,0.0,0.13886130225327764,0.5656387809717001,0.4977503997997759,1.7898246009262742,0.5310454027191646,0.5255024782954112,1.7898246009262742,0.5310454027191644,0.5255024782954112,1.8511262292530801,0.4427251428820689,0.5055680712676451,0.4326883580592111,0.467845770782404,0.0
2017-01-15,0.0,0.14271632799904332,0.4947683139974341,0.5205542662766331,2.5708648311396427,0.5019498107142067,0.5443095618331831,0.9534635578992668,0.5019498107142067,0.5443095618331831,2.6700040448813334,0.3576941357980753,0.43172333476574254,0.4526645936434059,0.4273165001863615,0.0
2017-01-22,0.0,0.1878989079450275,0.5174631213856785,0.4906037855148269,1.1124280036726837,0.5014898829616129,0.4934849230006954,0.9654845266229836,0.5014898829616129,0.4934849230006954,0.9668565169530008,0.3231566967257754,0.5060718906735359,0.3893573158806013,0.38878660375009344,0.0
2017-01-29,0.0,0.1787116338737026,0.6090284723528328,0.6118975925921749,1.2434220475154818,0.6476165267269416,0.60378902726734,1.395527287873978,0.6476165267269416,0.60378902726734,1.1911887563554957,0.3793447859140775,0.385725410926536,0.4127527063759615,0.4437757012337933,0.0
2017-02-05,0.0,0.19479356815342064,0.5197234476627776,0.5147459956724507,1.2639371193025617,0.5729566539916179,0.571129996145782,1.2645510812254015,0.5729566539916179,0.571129996145782,1.2877191834700423,0.5397333784907212,0.3083150699727155,0.285906771236049,0.3312692725898122,0.0
2017-02-12,0.0,0.19801126779961253,0.214716028811347,0.2098870117905868,0.6485514335510343,0.20994259924146447,0.20915629634788413,0.6010718856577245,0.20994259924146447,0.20915629634788413,0.6615988943223576,0.2493412870696524,0.2010853500011736,0.2010855265488325,0.20115102756435144,0.0
2017-02-19,0.0,0.23477831375006364,0.2470480084484961,0.3705356819181413,0.3703374240751785,0.33894689017626856,0.3098179939209562,0.3962618365464801,0.33894689017626856,0.3098179939209562,0.2756287253449311,0.2732996088435452,0.2120853669027876,0.2125141423764452,0.21231382525656006,0.0
2017-02-26,0.0,0.2583352186458918,0.2398484182652064,0.24977780503184574,0.5660436978642739,0.238359008525746,0.2510413780955243,0.5644394693115974,0.238359008525746,0.2510413780955243,0.2896866582041786,0.2474422192755832,0.22793074005128555,0.2436480329401397,0.2356573875547323,0.0
2017-03-05,0.0,0.3472130932602037,0.2774219234387988,0.2984863596851006,0.5236215778081537,0.3435338395548264,0.3321780041007474,0.4833478207690049,0.3435338395548264,0.3321780041007474,-0.07929471113044595,0.2774230512575143,0.24792672664448345,0.2764855500360691,0.30983883558924274,0.0
2017-03-12,0.0,0.23429021071095715,0.22904016980802544,0.3199500270230325,0.6677962859860174,0.291672736879969,0.3281960504704775,0.5092010956132699,0.291672736879969,0.3278440029474088,0.3161241509276839,0.2290394398535425,0.2758776951681118,0.22488553747961826,0.2581866833305977,0.0
2017-03-19,0.0,0.19536642199871104,0.2790443867977773,0.2129028118519739,0.4124036826015948,0.21526618984141044,0.21899853037704364,0.093789502975978,0.21526618984141044,0.21899853037704364,0.6653714894562263,0.2790442693679869,0.2325951424850973,0.13852479527107775,0.15804243129554618,0.0
2017-03-26,0.0,0.16576882328693487,0.21615865049106384,0.33325456302398404,0.5678803680194888,0.28539769322439645,0.2934308660870839,0.4706093914014141,0.28539769322439645,0.2934308660870839,0.15505863356503702,0.21622150984259725,0.19723656232152886,0.3246481132610018,0.2222847276962363,0.0
2017-04-02,0.0,0.1382511540082796,0.1501725003265636,0.19854893360804335,0.2254585737108581,0.16055047883318918,0.1566418657973443,0.16980638285700356,0.16054825385546045,0.1566418657973443,0.15208865419354178,0.15017245956556924,0.1257971299956091,0.13469646335551574,0.12572055442603947,0.0
2017-04-09,0.0,0.16798369112837466,0.08194257234936009,0.12172423182653735,0.18091314809333714,0.17012860005592656,0.14951416359025327,0.105932347961614,0.181347689922848,0.1584786592685995,0.04478062553612749,0.08194984659552074,0.06883421845450965,0.08497540414990645,0.15497359855767026,0.0
2017-04-16,0.0,0.15354776120007566,0.17925486849698935,0.15029958506333596,0.3139113275248166,0.1470156277573239,0.13109316417231254,0.15074793064488512,0.13600027505357204,0.11518442025621756,0.22896795889877564,0.17925163586174908,0.17201601371328568,0.1748243732622018,0.12504384364206578,0.0
2017-04-23,0.0,0.037704610428814116,0.10512682106065396,-0.12915254004398954,0.06635749144967795,0.047047515440461485,0.04145421099823743,-0.24317756859300446,0.04892923309172603,0.04747510989091108,0.11313549931678354,0.10512682106065396,0.10263288794672044,0.04014906907896987,0.0179092451830134,0.0
2017-04-30,0.0,0.12667248861593186,0.0463174268603348,0.07215636896963784,0.10582518024996257,0.14736196316523698,0.12540292510886966,0.05926236107978189,0.14736196316523698,0.12537521560211914,0.04306445117286628,0.0463174268603348,0.12322193823765225,0.12245902519515504,0.12597089485229507,0.0
2017-05-07,0.0,0.13391957294968934,0.13490808378271668,0.13490606062096133,0.15338352561329205,0.13781123300510434,0.13703781039216656,0.15097488796396996,0.13781123300510434,0.13703781039216656,0.11834590391665055,0.13490808378271668,0.120319876129226,0.11432127457006958,0.12756304598060186,0.0
2017-05-14,0.0,0.009972586489052526,-0.01607481748642681,0.020365777843069144,-0.14889695909341372,-0.09858928248410814,-0.05684811708032578,-0.05250864671161126,-0.009654834782787836,-0.056712370243244485,-0.18646761909249854,-0.01607495480454757,-0.004304412807885405,0.02038971831141856,0.04799886851212787,0.0
