Week,AK,AL,AR,AZ,DE,GA,ID,KS,KY,LA,MA,MD,ME,MI,MN,NC,ND,NE,NH,NJ,NM,NV,NY,OH,OR,PA,RI,SC,SD,TN,TX,UT,VA,VT,WA,WI,WV
2014-09-28,0.3817778075976365,2.040778017,0.384517207,1.094677082,0.3182540346049222,0.46072888700000003,0.464018298,0.7985854440000001,0.10037628832040284,2.157438382363952,0.7432419020000001,1.602676155,0.92523187,0.9277309090000001,0.8128875729999999,0.809784445,0.30374516100000004,1.228220122,0.09804982400000001,1.6737646668170547,2.066248662046488,0.5591954570000001,0.8460161731215654,0.408980085,0.48681460200000004,0.8642508466729582,0.12825429837443264,0.148154812,0.760875738,0.08782699914453906,2.445352915,1.369997794370338,1.3696685780000002,1.8402941891057816,0.4073914917915055,0.696225392,0.5139589480527195
2014-10-05,0.676116446,1.6337906640000002,0.8487627990000001,0.97236048,0.25715729907113105,0.492121297,0.998420077,0.604881224,0.15698393571431268,2.066333777,0.805289968,1.295511163,1.001920239986258,0.691768052,0.843018102,0.8480368955063295,0.42877761098316025,0.906826896,0.114113966,1.7489209554084728,2.0561017880000003,0.64112084,0.7677257792722725,0.5035987014246839,0.443305131,0.9143479619252408,0.23755799742976225,0.291903249,0.88054973,0.2958729833029379,2.4587464625943856,0.8095015480131953,1.37055333,1.50271186,0.5203458423356311,0.7140342279999999,0.693400094
2014-10-12,0.639986458,1.7584068297815705,1.047435031,0.8680370559999999,0.467807225,0.639106803,1.2047535059999999,0.8569937891060955,0.15092354962277865,2.142843172,0.6462174726831817,1.094340633,0.9854646568235264,0.717898612,1.02869586,0.8431346431675735,0.42720586899999996,0.601217059,0.168946307,1.8816339780000002,2.0482210530000002,0.720688113,0.6117222650787709,0.523246953,0.442296756,1.105375003,0.180757307,0.16452499199999998,0.80385372,0.2830411604753109,1.9967714909999998,1.2272301430799109,1.539048046,1.463279891,0.834071122,0.620655342,1.058134876524207
2014-10-19,1.144851420094616,1.330782419983347,1.159792214,0.866379245,0.259407824,0.712255312,1.266493724,0.757684041,0.09173058633364206,2.554971595,0.5617486545360117,0.933757737,0.9103389738498302,0.7831386659999999,1.165524164,0.881217417,0.820561758,1.099298075,0.189811498,1.8857129183544927,1.9297242484038928,0.668561215,0.614212332,0.6047627098808196,0.6546751820000001,1.018505233,0.23032481300000002,0.37927065600000004,0.846599843,0.554882324,2.321216906,1.442217738,1.48197615,1.360313301,0.5742607071195287,0.762250458,0.7644306312367817
2014-10-26,0.838206711,1.772826431,1.219419604,0.860569991,0.261339977,0.84740203,1.395380818,0.8826946219840786,0.16631191802587905,2.6299635869999998,0.735790895,0.920764202,0.8428351040000001,0.7889764979999999,1.321677336,0.985733706,0.9273663746034052,0.036090838,0.139797597,1.669380858504706,1.7934033426667373,0.6695951379999999,0.8345425298207843,0.58279188,0.7771935590000001,1.029768941,0.256578481,0.5869509120639553,0.986624845,0.7205233090000001,2.602432296,1.4654013680000002,1.444355971,1.5124613631353732,0.5634436717574356,1.03921634,0.7181745444933858
2014-11-02,1.7623289878544832,2.101694796,1.4675516569999998,1.0722377199173436,0.45194711600000004,1.020557277,1.394901456,1.201233587546018,0.09221345223275812,3.0041185410000004,0.9857476979322136,0.9313419959999999,0.869144466,0.85338202,1.3716424269999998,1.037390283,0.682503367,-0.013866973000000001,0.17744379,1.890403721830617,2.0997582799181336,0.711945609,0.8057713420716469,0.6676104714942132,1.165075986,1.144235516,0.15048047122319064,0.6682470794536802,0.88857469,1.0220642340000001,2.802964155,1.6501078644425733,1.537086144,1.54104422,0.77480708,1.497574441,0.9174496594368402
2014-11-09,2.409355459616072,2.517438829,1.5508875130000002,1.1057051363099897,0.2243336912264712,1.4527657661441762,2.540680338,1.031362991778472,0.17727658899999998,3.559534220862332,0.7789115866564579,0.893267397,0.8449121051221236,0.918270734,1.248332858,1.0241414229999999,0.6949285890000001,0.061422142,0.24058980600000002,1.630022494,2.23737595959139,0.783115426,1.0111522401424846,0.645827799,0.6275390470000001,1.158371134,0.1128689586409528,0.4934693937145162,0.9315257859999999,0.9290414370000001,2.8477196910000004,1.781906657,1.586605325,1.3792024459999999,0.842285893,1.4614939319999998,1.0000394702921591
2014-11-16,2.2884298534019614,3.997509434,1.818430754,1.2409000320388408,0.307993066868144,2.038027750054872,2.30733633,1.3501150469999998,0.209040402,3.9033689289999995,0.9470879171054236,1.085748322,1.0528658123071144,0.987742667,1.230335821,1.286403749,0.586450182,1.01671279,0.26275991600000004,1.6052250319999999,2.076414035,1.050803763,0.7378137042985428,0.7501190790000001,0.740273396,1.179965567,0.155760751961038,0.8439784410222346,1.018614803,1.2953178220000001,3.058815603,2.408862318939243,1.7071000859999999,1.4415022921709053,0.940300523,1.55273455,0.7289691213225209
2014-11-23,2.0620507954130907,5.898948676,2.218285357,1.2545476843408303,0.4339613042198611,2.8908214723120333,2.3524356280000003,2.2593883649714783,0.275594004,4.7718494719999995,1.171400671,1.6016865880000002,0.938078211,1.236640631,1.626676983,1.8403874740000001,0.670987146,1.1570102279999999,0.25294197,2.4425927133559795,2.452456189,1.209843097,1.3201969210008089,0.923967915,0.876725663,1.512232703,0.16951684705065856,0.960555663,1.152673379,1.9696105119999998,4.670114486,2.678581871,2.114683056,1.688572987,0.8863836437888156,1.7321852,1.2640562445746593
2014-11-30,1.8793782145797968,6.868622695,2.538213526,1.506055102,0.523884742967211,2.8649312777319893,2.237489142,2.8629235563008213,0.508771984,5.142254355,1.230248315,1.7230578369999998,1.031089937,1.360421788,1.525593661,0.9106571378219802,0.538312219,1.561223611,0.241442742,2.4018713784805685,2.388712668,1.598680682,1.8065102419999999,0.8446362040000001,0.8356744220000001,1.665909703,0.3030117887560312,1.240384219,1.264408404,2.150128630992256,6.107250387522327,2.7435391926992785,2.352026255,1.720296455,1.0111666670000001,1.68152724,1.261943864
2014-12-07,2.256678431,5.982417202000001,3.583438267,1.5737510940000001,0.8845829376349641,4.375367767,2.649536983,2.6303878428595318,0.763071967,6.564492151958853,1.1029325078471786,1.8787061059999999,1.259166249,1.7402793019999998,1.6996933980000002,3.4830241319999997,1.2115564662768965,2.3325020480000003,0.430086105,2.1929913219999997,2.8102240807925245,1.758737651,1.9199811219999998,1.223821012,1.4716031859999998,2.5609473053024177,0.4307443594518735,1.8102202396031808,1.21960092,3.7068909404705153,5.589732037,3.4325560310000003,2.920934625,1.9042037480325849,1.1544572240000002,2.196827615,1.4754483710597568
2014-12-14,2.32045367,11.72439849,6.162340522999999,1.6892784084434151,1.4776338290788846,5.542576502999999,3.37472966,5.294218369,2.08376117415238,8.024217517,1.3208885453983026,2.451176191,1.8943878769999998,2.907978424,4.119114934,5.489620251,2.339271317776604,2.57263865,0.5031370479999999,2.796181502,3.1419334682014686,2.390081034,2.227011010090417,2.332575587,1.764258219,4.637325467889962,0.4502259853480434,3.699285739551952,1.7332688490000001,7.243848384250207,9.717711432,4.876694315,4.532711974,2.771832036,1.4520511719999998,4.298857138,3.1800575679863012
2014-12-21,3.5898991995104432,16.975401,10.57371556,2.451091516,3.161621968001324,6.9804915192581465,5.711175206,9.353330224,3.464282829198133,9.227565222297736,1.870068734546797,3.91115948,2.314706948,4.146401807,5.861520647000001,7.605657606,7.770172542132947,4.19476974,0.937983827,4.56733593,5.935934161690406,2.399233373,3.688119535847444,4.262104245,2.486260962,8.293387541883327,1.1402434850762972,6.027150014152952,2.250550924,7.650843741,12.6384114262225,6.7986950660000005,7.822462592999999,3.2743093439999997,2.397869413,6.461020566,5.15781118
2014-12-28,2.9802098160000003,15.03242055,10.33090553,2.3775842908714067,2.2494838293860093,7.433821771,5.907517202999999,7.416519217122994,2.4287701276442286,6.849274495531509,1.7784249468625974,4.441743702,1.6916499478746685,4.5677124330000005,7.462306627,7.975199729,4.123201222,5.866340921,0.830159671,4.74012631,6.560352275,2.86007169,6.072212851000001,5.822080142634454,1.810887429,7.187398988705274,1.4109981184206226,5.057998587342474,3.2520976530000003,7.393706097000001,7.380681762586956,5.722045652,9.288144463,3.678500906997749,3.046405949,6.557713359,7.0138242721602975
2015-01-04,2.738818208,7.034467236,5.043691289,2.480840614239458,1.692780287,1.9486346218446868,6.520759057999999,7.269666640233765,2.463488815402864,5.123844454181006,1.6996280935429136,4.959053486,1.6835254136372924,3.9108147489999996,4.715696935,5.101374832,4.422848443,4.388923243,1.088301144,4.048780727352185,5.794325351149343,3.434258695,3.449079238,3.4634113508271933,1.5976362430000002,4.506803295,1.2725324591155545,2.8103569693243613,3.1912600419999997,5.111243999,7.289410619884823,4.3454726169999995,8.023077127999999,4.665258047,3.3412307539999997,5.0460488660000005,5.856826231075642
2015-01-11,1.1591385830513816,4.10180284,5.092300024,3.074797887,2.6176597000000004,2.150174432798443,4.549633425,5.594438106,2.017342974,4.8381883470976526,1.973166124,3.4482927080000003,2.5142877999999995,2.431878235,4.6002002730000005,3.393760688,3.764175943,4.506643085,1.212623526,4.28778526976903,4.499355581738541,3.63380729,3.4781963439999997,2.608853114,2.311653345,3.9438396460000003,2.57601029552498,1.8170029996358912,2.7497199689999996,4.574217324,7.754942165,3.758322324,5.419116242,5.215168212530912,3.647411799,2.918025328,6.060293237229693
2015-01-18,1.068939191614426,6.312093205,7.199268078999999,3.239323,3.482363286101297,1.6591250115687082,4.990900248,6.688535644634468,1.4536623290000001,3.9884338919999998,3.453078931792706,3.0927661860000004,2.982715925,2.5402771630000003,3.803314195,2.9624991819999997,4.6431698831042105,3.7008487089999997,1.044768661,4.137525285,4.257418096604612,2.683937,5.986581528369928,1.8375669257348464,2.700507233,3.765423016,3.252274753,1.1370468553010211,3.018125687,3.459699497,8.254265298,3.837185003,4.772891282,4.39205143,3.552472282,3.121123737,5.5506512376694905
2015-01-25,2.2191747976666867,6.1286534117761615,6.715718102,3.6485916830000003,3.111339534,1.5180631216054292,4.65457005,5.417393271,1.0842770438973182,4.243320647323997,3.597750194893416,2.592712845,2.951583429,2.291890417,4.017561139,3.2038327069999997,5.416331092,6.622542836,1.926456641,5.4133374739999995,3.8651977364357997,3.397246097,5.573780698282587,1.5542329676024744,2.54535355,4.487974906,4.481430730031882,1.519576993256646,3.117620317,3.503779771,5.930347182999999,3.244160725,4.20285757,5.402978272,3.3434566636302985,2.782069705,4.701140222
2015-02-01,1.634094484,5.172627694873054,5.3503424530000006,3.3923572610000003,2.075590603,1.745369323,3.6540810880000003,5.512154069759351,1.035706393977403,3.811648073265285,2.452989518113073,2.174831234,2.890995125,1.30254147,2.856928286,3.315285896845213,4.784846698,4.700033952,1.369950653,4.122763727456852,3.874185668362064,2.831028818,4.820167466816427,1.1524594035567306,1.586256345,3.640284507,2.762183707520757,1.536202149,2.4540210890000003,3.2023663589999996,5.182689189712744,3.175753334952764,3.585561694,6.070349684574491,2.4917910703980777,2.643405393,5.047550410130494
2015-02-08,1.2167921609999999,4.980266222532706,5.309129444,2.972187559,1.7626588263799117,1.951406451,3.068633288,4.702728433743537,0.6957981870000001,4.279580152,2.0623826281005586,1.940943919,2.3991700259999997,0.973162183,2.2478588,3.4018657495401303,4.947798072771152,3.39003723,1.427479104,3.430332336671996,3.191277286744262,2.416509188,4.846992168612112,1.1625322435729335,0.999347952,3.5048818139999995,2.6178779244779733,1.717785475,2.17091429,2.785004062,4.991428055,2.71002057,3.07187102,4.616297993,2.188433355,2.7697029339999997,4.3319570019971385
2015-02-15,1.1916623952287857,6.997135214277739,4.720692177,2.283692472,1.3948924759999999,2.07785384,3.284782533,3.7796328289999996,0.546602982,3.6660046360000003,1.7659653690000001,1.6800435390000001,1.7573674430000001,1.1746667259999999,2.1419776319999997,2.1344336625876723,2.150224266,2.044466351,1.13604797,3.181950550123963,3.017485963119689,2.261748232,4.180196017904762,1.356350601463731,1.059337912,2.750072008,1.766824097,1.1159330795668776,2.006507993,1.7869484830000002,4.826396743,2.7837527439999996,2.414135006,4.574044172847968,1.2543111152436546,2.777227256,3.4711094368487743
2015-02-22,0.950947588,6.278226984147501,4.212392988,2.245114555863177,1.063856733,2.604435125,2.582439111,2.667782300811103,0.4705859033089819,3.267736746148987,1.3667429058260414,2.100592737,1.7253496044280645,1.23721871,2.357531944,2.27047240398318,1.998110271,1.972465168,0.915517265,2.9362210839999996,2.3488783459498004,1.805517711,3.5469374589999996,1.080814357,0.750559595,2.431109847,1.2860727453759786,1.1965577302724275,1.7593683759999998,1.556658818,4.39474012,2.46904037,2.386867194,4.257142968645861,0.8025201058317509,2.484038112,1.9864620117049088
2015-03-01,0.5283459585121347,6.216572791843135,3.3547277980000003,1.994372468399776,0.8754933498562072,2.335232162,2.589792185,3.09912823,0.5059837460000001,3.6743547861811536,1.4498446078899894,1.699420919,1.4507309431398112,1.091141257,2.294058894,2.099982465,1.662900778640241,1.8709779430000002,0.637158585,2.792779732332165,2.485576809,1.4816205580000001,2.492582574,1.0563142365914433,0.56161612,1.8586931695640785,0.9694820500904886,1.271478753,1.717685435,1.069897393,4.121866681,2.507288095,2.081795985,3.164515025,0.9267586693151162,2.4422448869999998,1.2970020906483704
2015-03-08,0.5417633028984608,4.717102667240802,3.6830535269999998,1.731689535,0.8211574664572967,1.872802605,2.360263014,3.4282423310000003,0.4558595761049585,3.35925806398791,1.488693096744484,1.3059243329999999,1.7101848730000002,1.423660898,2.5132937369999997,2.00137969,2.257058464,1.9048473869999998,0.482886838,2.659670293,2.290780372,1.308131643,2.391201617401672,0.89671435,0.895821489,2.10612693,0.8786525890000001,1.1816162620000001,1.550344054,1.6053101859999999,3.7949805713578617,2.300274025,2.159878455,3.007806136,0.8280130552810656,2.3180519580000003,1.256989742494092
2015-03-15,0.5850799841262672,3.994771497,3.0117766710000002,1.4361402014155638,0.6430242609245056,1.311906121,2.599352422,3.1490390039999996,0.43741083700000005,3.3525730987902715,1.5800143403563096,1.080674144,1.5097007619999998,1.014716997,2.339918786,1.490541941,1.66942746880444,1.7852159980000002,0.577388173,2.2748474090144524,2.154396273,1.4135003919999998,2.311593657563749,1.0740615520497077,0.798747557,1.900680069,1.01120151,0.750097026,1.368344699,0.9123039575735584,4.175530562,1.9561420540544108,1.760228815,2.203853246,1.057927461,2.120891186,0.7271684744443243
2015-03-22,0.3245628798116447,2.9351472659429563,2.439958168,1.516174878121821,0.4827511101473125,0.9261501040000001,2.607049855,2.509531618,0.35826247962340796,2.7768574357379885,1.5651607009019486,1.272635658,1.326272499,0.995052387,2.25924132,1.536775641,1.0911090049163823,2.271829653,0.30368605600000004,2.369056723249316,2.286701334298704,1.10890527,2.067243169,0.7492807159999999,0.9197466209999999,1.8051450169999999,0.8862094490000001,0.457817021,1.150627307,0.8588628411372125,3.4728561260000004,1.7575644584194412,1.763096631,2.473728081,0.972448702,2.234152109,1.0964894024596683
2015-03-29,0.5442238473388714,2.5186166460755257,1.9970907180000002,1.3660618846470405,0.364020313,0.9293116776305336,2.4626107790000002,1.8101919708439431,0.328652934,2.7937732484533067,1.6894327914844902,1.15878325,1.292269037,0.84216444,3.2654148210000002,1.3879524380000001,1.3998922130000002,2.279519578,0.391301271,2.2165643790000003,2.044435297322695,0.960566409,2.073162319074564,0.86693484,0.514724278,1.740201515,0.6587013835257839,0.5263836910747001,1.0383074190000001,0.5598562482983673,3.3179190606201607,1.775394135900347,2.038361877,2.439156835,0.7532690470000001,1.9693057619999998,1.219882409
2015-04-05,0.4064413139694388,1.8293179741604229,1.378669616,1.4281105198734099,0.268670054,0.890069261,2.372610674,1.477892945,0.336222905,2.319333097014128,1.6330431976476345,1.037356997,1.2208905587870054,0.657055299,2.2185619069999998,1.209294018,0.7449384183730845,2.105245173,0.390566061,2.195806562742548,1.95830176287782,0.9765288109999999,2.0808752627816682,1.0424081100553426,0.824151163,1.6737992184257469,0.5857496844612889,0.3927099351386438,1.133956402,0.409202577,3.120109426914913,1.9479418730000002,1.883105791,2.798741077,0.7202608538873518,1.7673436880000002,1.145644167
2015-04-12,0.436225263,1.4805443824592008,1.084609665,1.2889279730618517,0.234847308,0.7880752879999999,2.099275553,1.481796266,0.29758634,2.0417795408854698,1.555083558640704,1.224083692,1.2505145966291702,0.8098385579999999,1.9332269709999998,0.9698854959705226,0.9905849409192858,1.446608829,0.35212896299999996,1.722320417,1.510464847,0.882846329,1.977940707,0.7755989080028268,0.483617177,1.1632431414895523,0.6987142122465226,0.25897608,1.076710896,0.150704581,2.619266409,2.0338814480000003,1.533112345,2.586860240190473,0.5806016869082792,2.0275562540000003,1.1838024349225458
2015-04-19,0.7658684830717075,1.510445859581249,1.054794321,1.194178439,0.14043032800000002,0.7731210890000001,2.187404819,1.2336111503533735,0.170008665,2.142595931219068,1.2111584229999999,1.3024219190000002,0.8980753659999999,0.6520283720000001,2.0104554709999998,0.9448226842590768,1.048313912927407,0.814204382,0.236224486,1.6162334280000001,1.558797327,0.831723667,1.6730356480000002,0.541237892,0.45737815200000004,1.3110516196600377,0.5992405829999999,0.4287346828015681,1.056865294,0.287632151,2.407430024,2.066033905,1.5355967430000002,2.198123308,0.6982807962651174,1.833686811,0.9170452976833257
2015-04-26,0.3811091568622905,1.3754825147802805,0.74547573,1.161260672,0.029935739,0.6199494000000001,2.046326096,1.0631210572526475,0.121874199,1.600693884,1.103948425148704,1.239974465,0.955092842,0.489254549,1.7055641330000002,0.8134765687427039,0.9571526445951148,0.9585412459999999,0.180620141,1.6199710390000002,1.396862523,0.686974909,1.3231922059999999,0.412559474,0.651789653,1.1380186140000002,0.5309033221764891,0.111890546,0.9545345909999999,0.2993179554681877,2.1898753875921275,1.43467733,1.181533704,1.7955867818968088,0.64778935,1.554661415,0.8896143689832413
2015-05-03,0.37308475,1.2757056449155917,0.831842324,1.309257555,-0.23571657199999999,0.4525643691725874,2.4260415,1.340200249,0.0853442,1.530282669,1.0037679778442756,1.335687795,0.9353854770000001,0.565550413,1.374177618,0.9562125858047372,0.550672811,0.706742654,0.118357188,1.751850676068344,1.5339889180000001,0.513446359,1.0978507628784335,0.486411088,0.5411069629999999,1.297842525,0.419646319,0.164740833,0.91165776,0.2875842352477256,2.296891794,1.6803437158247656,1.17040688,1.6825406475010491,0.6479738110000001,1.971697464,1.0183301759999999
2015-05-10,0.4491501549629052,0.8258723333508677,0.400896789,1.1617552465586989,-0.11270960099999999,0.758422803,1.8484122930000002,0.8650709109999999,0.03976503588818448,1.637785899,0.8279247773780368,1.271036105,0.840637328,0.349126583,0.975691648,0.7664972129519982,0.166452466,0.7703145809999999,0.140065332,1.382662626,1.3407041309999999,0.6109991370000001,1.134978215644192,0.4128655585172484,0.336869418,1.0712307727558374,0.1296339721120096,0.064611053,0.69282862,0.18762586739776999,2.103998311,1.5027931946283868,1.136804637,1.733750970628479,0.413553835,1.640115379,0.809677073
2015-05-17,0.5713780473734809,0.9546395868761492,0.5992139479999999,1.118589277001218,0.007229226220623608,1.0596654090000002,1.7382162469999998,0.838861738,0.061638397000000004,1.6668880469080072,0.7787022047398784,1.158568245,0.805475295,0.425956015,0.974158965,0.7598318417979008,0.4933851423614375,0.288551226,-0.037244553,1.3615765469999999,1.397894675,0.46396318299999995,1.093863071,0.44375419,0.329358668,1.0674686241820321,0.0562369966331886,0.075275053,0.544422094,0.39928515833153855,2.159572046,1.1826020895522396,1.1059723670000001,1.531177005391445,0.460485505,1.668548046,0.570289064
2015-05-24,1.0461476034394548,1.398440523,0.44665552799999997,1.039346633,0.05140527614446089,0.8993026909999999,1.875952759,0.499048176,0.058140425,1.5148039497897274,0.7264767875301459,1.2960941129999999,0.7983623990000001,0.5489343729999999,1.026129834,0.7354691087701355,0.31555739040330555,0.796448759,0.03678107,1.312394603,1.5537499787773177,0.554984088,1.165846376,0.5194446227035793,0.22431316399999998,0.9195459229999999,0.09180260066520957,0.084334311,0.539952025,0.35172801027834666,2.1265366340000003,1.0060282015221578,1.071001732,1.1831687370000001,0.376802963,0.32577001899999997,0.45895546200000004
2015-05-31,0.9286490342280148,0.830452408,0.443543852,0.934022615,0.02752101858797018,0.774098258,1.455600421,0.3066508790041817,0.090163282,1.481846983,0.6664063973704992,1.6994790419999999,0.710875748,0.573664519,0.645061984,0.7513968125183765,0.236194304,0.664362067,-0.035379575,1.210399195,1.2046667368108348,0.575976605,1.262757231,0.343434898,0.262566327,1.0165338014192409,0.08916428438883495,0.071389235,0.459366415,0.3394169064720318,2.074523052,1.247324138,0.8998821140000001,1.023359847,0.406769514,0.443396719,0.5616384025752682
2015-06-07,0.3245604928905126,1.642963934,0.698830035,0.9440403042143548,0.05394650874169393,0.713339752,0.96105794,0.37495427299999995,0.010969514,1.5303239563340412,0.742556622,1.6219273,0.786933606,0.5226000789999999,0.748350627,0.7300347326868706,0.3390521398396158,0.244482775,0.073209565,1.137162819,1.206632435,0.426072057,1.222249071,0.3741326770537448,0.088306645,1.0205887237149098,0.026108880599931883,0.077724581,0.458349956,0.2221470747462025,2.282930799,1.181071795,0.990536027,1.008217187,0.6536549966758909,0.617492605,0.5711281741795872
2015-06-14,-0.16953148415310135,1.0078325197644555,0.298033932,0.8495390419328024,-0.0055921338389515185,0.5447632020000001,0.9513777959999999,0.459794325,0.185528695,1.1418157,0.776973996,1.825178545,0.818105383,0.55051506,1.2527700640000001,0.7006387980201374,0.106127336,0.639839614,0.04324878,1.342154794,1.101342221,0.426982849,0.868223051,0.269620007,0.032314185,0.8917665747630995,0.09517394800000001,0.14961105080317585,0.559857724,0.163104324,2.507600799369426,1.17059542,0.99288276,0.86232846,0.2972532512443193,0.767187945,0.4995841656672548
2015-06-21,0.6364430837948671,1.0458729647943847,0.454507179,0.8057240552777127,0.036883071475973694,0.525758785,1.053592287,0.368302345,-0.016211510510157567,1.1748212,0.704214528,1.676622721,0.6432516676760264,0.549823602,1.053344269,0.8148067257360615,0.21130562,0.795846321,0.033467681,1.4259200839605457,1.1522799686885692,0.262683297,0.550754449,0.2877801588299801,0.018757149,0.8373698905213821,0.057815807999999996,-0.01917048377886388,0.456219941,-0.02285997666722817,1.801560435,1.188625007952501,0.931714721,0.7039771579999999,0.40348251563252496,0.529659319,0.4552963921948829
2015-06-28,1.446265691,1.0595208437150312,0.151762586,0.6418351187264257,0.007714652643969311,0.593945797,1.062505822,0.422585864,0.03846129636410095,1.415721055,0.6386029910000001,1.837423665,0.726308671655828,0.333944382,0.797966163,0.6919172745798468,0.05114595,0.581991359,0.048166493,1.3470299062572408,1.0745162486900028,0.30833566,0.68627235,0.2354261994723631,0.166404097,0.9667487345845388,-0.0077685321171049315,0.26505586600000003,0.503248739,0.03212488018622062,1.688554801,0.8884442109999999,0.879280073,0.509345607,0.43152883700000005,0.509104482,0.3767474853854401
2015-07-05,1.320121839,1.2826815965407763,0.158700035,0.6347095070000001,-0.009030429985109834,0.688172357,0.882685382,0.2195106145577161,0.036946208024246974,1.263497185,0.5712914874797433,1.685722128,0.721995353,0.339617623,0.8155529509999999,0.7696049709999999,-0.12107714522343972,0.823010267,0.037931563,1.280559587750984,0.954210782,0.276529254,0.8770033573489844,0.35583483758450685,0.070464661,0.9707712118284044,0.03721865009528369,0.105220664,0.693313139,0.22441665,1.637598779,1.028134258,0.974521752,0.615110845,0.3959816203778809,0.526464691,0.4167833362065989
2015-07-12,1.3284611624274771,1.16755215,0.28536739,0.6929391286259086,0.02326489164530554,0.44259393700000005,1.002645284,0.1881416315927842,0.030673702,1.189938805,0.680657799,1.8880121090000002,0.76888345,0.364916374,0.786652995,0.502340299,-0.133317141,0.507368751,0.043859047000000005,1.4527798803277516,0.963164791,0.183044995,0.8706540052668432,0.27835759235434643,0.155368212,0.9043320852285028,0.05400464646197711,0.094131869,0.663856476,0.049415507438276274,1.504340285,0.9186334740000001,0.9448340390000001,0.341582275,0.2998957594340209,0.518727212,0.34157472951599765
2015-07-19,0.7595891309999999,1.324389743,0.131364824,0.6880047406789505,0.05537631061294401,0.45247398899999997,0.676602989,0.2161599282532265,-0.03242692,1.1550938105586468,0.6192519332592574,1.7607908469999998,0.8085949040000001,0.197443125,0.756153544,0.6272151635394128,-0.01277937385509298,0.848963957,0.0076112409999999995,1.437097068715813,1.038139184,0.27652729600000003,0.8080610190010263,0.33985896379813074,0.245290347,0.9204500560507464,0.026043307503910814,0.034963976,0.623325779,0.09662035305268056,1.4138830930000001,0.923501296,0.97297602,0.35051657,0.37642112200000005,0.374552557,0.4169434377998282
2015-07-26,0.612270742,1.240148607,0.18118467600000002,0.615432936,0.0243415751836944,0.630945656,0.6901996340000001,0.2557266809718346,0.016665488,1.320105749,0.6257118807358861,1.678637126,0.648715729,0.165864331,0.9103845979999999,0.6301365528814321,-0.285677533,0.852389466,-0.001503211,1.120846228,1.044909991,0.255693105,0.8969799163320716,0.4129180819776798,0.072216034,0.7574903540084591,0.04994040288380175,0.111978836,0.592865501,0.11600956263013362,1.557442843,1.090258262658398,0.936994633,0.571950641,0.174755259,0.390543191,0.405312361
2015-08-02,0.62360722,0.9934205352095852,0.140479508,0.689905482,-0.027517639374522118,0.440576471,0.413139883,0.363677717,-0.028321615124746964,1.2665021850839635,0.6727202928160511,1.686550108,0.5498324948973246,0.30753691899999996,0.587070144,0.6358304074035984,-0.0008041025750902263,0.780388682,0.009572842,1.06719213,1.071264533489984,0.290363672,0.985079748,0.3758336775158002,0.03347429,0.7413349487144238,0.0045698694482426685,0.073365563,0.566652053,0.164198948,1.334322653,0.916743442,0.870308573,0.717022368,0.3080615532029747,0.331019622,0.418728551
2015-08-09,0.6323252090949313,1.18194168,0.083470299,0.7334334709999999,-0.014958955363892025,0.444125114,0.883679546,0.302194528,-0.026716302999999997,1.2290326665482072,0.6338667314299835,1.4143781930000001,0.7301910311716239,0.22802791,0.780044409,0.6674943282375758,0.09624880726137064,0.984114597,0.029531092999999998,1.257716714,1.160996773,0.252043106,0.9902963964574966,0.2690516342790418,0.109611754,0.7662475334768065,0.018763190836267096,0.112024731,0.555230485,-0.032607104813733516,1.413921257,0.959154671,0.862235667,0.833461625,0.2777358971069791,0.24702417,0.41902228
2015-08-16,0.5975457400597471,1.431245263,0.10368996,0.7755055322425731,0.02519066822951688,0.586443803,0.548156326,0.096401082,0.018539466,1.2920098378168836,0.63959989,1.946841957,0.64942836,0.22323618,0.675475425,0.7239612920477632,-0.2126919692562942,0.697330415,0.017400769,1.2058814431046079,1.193279287,0.351870564,0.9649167310664252,0.29657604652600833,0.139321211,0.659284369,0.011946086000000002,0.100547502,0.592765454,0.15838559678784536,1.471471971,0.860853395,0.877073313,1.02268267,0.3146525845384356,0.255694912,0.4218127845792243
2015-08-23,0.5382753591526246,1.4955405752335411,0.337665138,1.0328528966020023,0.03598015119705422,0.839077348,0.6921012670000001,0.6987688977330597,0.060581927,1.328708270212949,0.573964252,1.661021276,0.716688815,0.255998726,0.617415967,0.638224702,0.08125044345162435,1.233305696,0.071294085,1.0243443222853297,1.3237863505841976,0.566125442,0.8322913390000001,0.3593027582627993,0.322377498,0.8364998896263609,0.04217139730585806,0.09737477,0.577718627,0.18608143800000002,1.702148777,0.8031271390000001,0.957645396,0.887271551,0.284633876,0.20609752399999998,0.4417349598210271
2015-08-30,0.49753433799999996,1.327290087136962,0.332333179,1.0697265530256377,0.044201648760536234,0.768336786,0.538989635,0.6212231595692419,0.03829736790165962,1.6952845109999999,0.653542538586616,1.4010293409999999,0.6961214579999999,0.23598198,0.889279618,0.78271587,-0.37659495299999995,0.744113673,0.075309087,1.0791835585716971,1.1345299735378902,0.6165927139999999,1.0737371709999999,0.3587802108821221,0.09684035,0.8112582441412756,0.037706206,0.11661455209863615,0.6738063040000001,0.163483929,1.7922206167425383,0.8738206959999999,1.0847548409999999,0.9982045477301612,0.197429752,0.294098649,0.7190005970000001
2015-09-06,0.9140764863926172,1.261726372223578,0.39657202399999997,1.0720874183502531,0.031435183,1.1169255040000001,0.8744329279999999,0.33366037600000004,0.045255845672005024,1.580268719146536,0.6671587117450337,1.524991701,0.816118749,0.313105688,0.829138444,0.693760835,0.3575051361345474,0.6950600159999999,0.10513933800000001,1.208067741464112,1.212902737,0.699170938,0.8634868863396967,0.4562835610317165,0.24814866100000002,0.9534126843028848,0.005820914957221701,0.124073715,0.685227368,0.2254253154382105,1.909489819,0.832358763,1.165421282,1.070486289,0.33683784200000005,0.408466163,0.837367223
2015-09-13,1.290967238,2.047751129689777,0.545123476,1.1245442226162399,-0.020789178999999998,1.466127867,1.1350204640000001,0.383635839,0.025853172788503687,1.7435619092134167,0.720492565,1.896434745,0.8065648754326075,0.302675318,0.810260102,0.715849802,-0.05465758123436582,0.9406818379999999,0.096579963,1.203727624,1.5168183626865341,0.7458598909999999,0.8622492545509785,0.4434513623221933,0.57191809,0.9871848820788798,0.025265151628137358,0.23638070000000003,0.7142619290000001,0.4603510940020771,1.90350198,1.011809433,1.302765484,1.037512808,0.3269841520386372,0.600424731,0.720222837
2015-09-20,0.9858525420459816,2.066575336151956,0.5580308420000001,1.1643397705949612,0.030722867,1.2544222740000002,0.734485438,0.5521543329999999,0.10463401201794996,2.156835569,0.6119613620000001,1.601882452,0.8533291027461373,0.266523308,0.790374754,0.875753716,0.028417204032034737,0.7957878290000001,0.113553166,1.3448867839987022,1.4682500787775068,0.607191131,1.0573804678967078,0.36444076700000005,0.304526956,1.0804942618175457,0.160142326,0.274368245217308,0.645304003,0.612686473,1.8452775143829343,0.974635383,1.379858321,1.1726818464864583,0.4858191558935514,0.40073074200000003,0.6556547748772346
2015-09-27,0.9680313140000001,2.061557103,0.560889827,1.2029663040051175,0.046047497772855,0.8838978930604163,0.698421944,0.743089698,0.06670540467147429,2.1409243556448248,0.581804316,1.58627353,0.6066796545784332,0.160312747,1.041721051,0.726829598,0.6597683765560252,0.8375568320000001,0.12410554300000001,1.6505379919999998,1.456358857,0.80254179,0.9317950517432751,0.5753756653724093,0.539833416,1.0991160981035395,0.09332703481321486,0.2572742378541512,0.505138395,0.609214409,1.975311819,1.327847164959458,1.4331040919999998,1.000586166,0.48813553600000004,0.325020839,0.7604469631409102
2015-10-04,0.6231156553218729,2.6303562030000003,0.7126349390000001,0.9334239941919296,0.05179636948458555,1.6402015890000001,0.852881635,0.7686010506844432,0.2034297459992664,2.1962940264662523,0.60266328,1.255200461,0.649486355,0.225992692,1.025816647,0.8608087929608244,0.20614528696398027,1.2115395740000001,0.173554318,1.4914898750126273,1.487548677365592,1.017092242,0.944681725965832,0.5168674549018506,0.409057292,1.2198237702716852,0.2022537063875839,0.1868068984920732,0.493013174,0.449087577,1.9271262919999999,1.1314082079999999,1.451767728,0.8578945632839123,0.652942763,0.6868976379999999,1.002665713
2015-10-11,0.71029056,2.7965686119999997,1.2433850020000001,0.701712653,0.10709595900636593,1.742374127,0.848750942,1.0728039298641956,0.3613971681726905,2.251299035,0.862983598,1.326645482,0.917044835,0.513104705,0.939362557,0.8194130069812113,0.281716705,0.7488368409999999,0.12302312800000001,1.394238415,1.3582833920774258,0.823761272,0.9134547515348914,0.5700624259914855,0.436367192,1.1502473239774729,0.2853630023934341,0.3878215265995777,0.7678809670000001,0.7464481682057457,2.567508188,1.384124998,1.4320140819999998,0.6143116104499919,0.670891669176912,1.3343117709999999,1.079599515
2015-10-18,1.2532984367771574,1.8779223109999998,1.275881211,1.0179034359999999,0.04800399723776283,1.530405622,0.9908793859999999,1.032780559,0.3979803537791362,2.7309609210000003,0.788136886,1.014127888,0.9563812844434076,0.48088254700000005,1.125499403,0.907111320727904,0.3599708951209646,0.298061271,0.16817022,1.3626273898998251,1.4416223763050544,0.671922768,0.9193553658661088,0.3852928509315554,0.500832748,1.1422947667635408,0.155680823,0.652533602,0.86894411,0.789600080124822,2.8063949093336014,1.1855873,1.435698532,0.6715657564626379,0.572627244,1.502042307,1.017349784
2015-10-25,0.9868725758369032,2.3423036911609247,1.3544686959999999,1.2449107344947932,0.07885815636080074,1.363382829,0.915650937,1.307902636,0.2812648853278559,2.525498170505084,0.731521314842968,1.234130936,1.0846352270511057,0.560884619,0.916271079,0.8628984458309834,0.116853358,0.837703725,0.158413472,0.934599161,1.3979945569999999,0.6580844539999999,1.097558944,0.6515235183127749,0.46303750299999996,1.3308694890000001,0.222903679,0.492381395,0.811325615,0.7496779925006272,2.967916906193754,1.33859964,1.7524248569999998,0.7151069853986769,0.5557146468946531,1.7322614680000001,1.209462998
2015-11-01,0.7495801040000001,2.780430761969332,1.35860153,1.8506846167340645,0.10243833267264912,1.6450680714146315,0.7560583240000001,1.243709561,0.3423714276650483,2.6136140091957767,0.8297456342340769,1.482522611,1.0568665506774364,0.445723955,0.6518721820000001,1.0619177237554625,0.23467475399999999,1.207169973,0.21458913300000002,0.769981936,1.193124074354126,0.721917969,0.8861692514343482,0.6531457079999999,0.566752919,1.316894829,0.5315582008589065,0.901251372,0.98762385,0.9786462824120562,3.3556802610000003,1.470488375,1.6813330119999998,0.6537551677824296,0.6996248061092594,1.463325591,1.090893342
2015-11-08,1.3307163879185724,2.2211050529730967,1.369487614,1.8981263423125845,0.08512264152979443,1.8648176520944482,0.8884166440000001,2.2172089026821977,0.4843027810982732,2.7175649639999997,0.7352551874556609,1.650375165,1.0125628866939709,0.7845968759999999,1.0995279709999999,1.526428303,0.77817951447427,0.914771938,0.18668352100000002,0.9515031979999999,1.542944047079042,0.716683249,0.9119822094041556,0.742774775,0.542794663,1.464208203,0.29018743,0.9952254377057614,1.14720146,1.083590342008761,3.735270528,1.7572898329347801,1.8686242659999999,0.8895166874616978,0.44182550226465456,1.562062183,1.313410631
2015-11-15,1.396837606161036,2.5441377357030746,1.429620282,1.9656539586659232,0.08522289789010651,1.521726006,1.049665494,2.1012184496078574,0.5966928778491378,2.7229242769999997,0.8649226544424989,1.4460913830000002,1.1188573120345435,0.837496578,1.21765422,1.45398546,0.5653559882774813,0.945055548,0.22879523899999998,0.7304933309999999,1.7430861530000001,0.7639110170000001,0.9679290098713152,0.803612785,1.269682682,1.4080724225954933,0.404662087,1.5509931329924935,1.2679809709999998,0.601541233,3.968697008,1.9545474470347568,1.749166021,1.284160915,0.5763548412964502,1.478865111,1.355803134
2015-11-22,0.8368669038205866,3.1867854206005086,1.667886463,1.8820413948171224,0.2098403827484644,1.9996994540000002,0.876102242,1.583995234,0.5316032385103143,2.6107076842314165,0.9653237319512172,1.7652691619999998,1.035356797,0.836588115,1.265216407,1.3258095140878277,0.645796084,1.143876787,0.253801589,0.8689807359999999,1.5842003222426984,0.625340431,0.709481391,0.7290830121848382,1.005710195,1.636904862,0.30014425100000003,0.6381131553277251,1.254074095,0.66861194,4.203616706,2.022722512,1.859335934,1.2344646946124098,0.33363018810228184,1.6259060490000001,1.183319081
2015-11-29,0.847221855,0.040845623,1.798154944,2.1625187143747766,0.0994742620251834,2.045856288,1.159040095,2.143007593,0.8079206463161844,2.534425744145059,0.9196371185575248,2.208556744,0.8066263159999999,0.933162878,1.687360549,1.0892202408848144,0.4030449372461678,1.028830769,0.17463241899999998,0.948213222,2.1809746707262603,0.83005834,0.701951126,0.8740868740000001,1.283983906,1.667028789,0.22127028377450408,1.10843695916441,1.582634298,0.990579463,4.613743726,2.000068974614626,2.010095205,1.3602852861325896,0.4100372767393953,1.8441436919999998,1.393959652
2015-12-06,1.259856215947404,2.478525652,2.001665158,2.5809220390000003,0.37205704799999995,1.6709810483224443,1.419066039,1.986046781,0.6293096491790161,2.7479194822827395,0.80337268,2.164367795,1.022018534,0.8661496259999999,1.194495809,1.0030590353619109,0.9689139328539468,0.8327274920000001,0.309729586,1.0529874190000001,1.860436699,0.799005084,0.6924441755286737,0.8970204911731682,1.402864811,1.675020621,0.24981110577561755,1.561535924,1.5951684609999999,1.5020916277452818,5.352246495,1.8774499180000002,2.042727245,1.4942708754807117,0.3139573871779706,1.8092704609999999,1.3365944413537747
2015-12-13,0.9667978540000001,1.3439893059999999,1.8485813780000002,2.5764608752035447,0.4264476358301309,0.3871665562374496,1.124611095,1.6814877419999998,0.565778664,2.7320798639999997,0.902399573,2.044639311,1.0040951065817985,0.7660222870000001,1.732381914,1.5422303480000001,0.3662434447238861,1.0971419279999999,0.31605791699999997,1.226482749,2.067117465,0.949223875,1.7389953334556731,1.11374465936542,1.018246593,1.689852967,0.18886070142052952,1.028147511,1.551098324,1.404447196,4.571773005,1.710649192,2.203879779,1.6917525078806062,0.5991650189451082,1.790554393,1.4981886519999998
2015-12-20,0.734550376,1.9794258708543881,1.862040098,2.5461070221985365,0.3495597272846925,1.305306251926929,1.002361002,1.706217523,0.607633189,2.84551672,0.912999135,2.29410835,0.8589031874772193,1.036618423,1.88261611,2.184328554,0.6630377120000001,1.153080699,0.318243839,1.3330679909999998,2.10418161,1.059103806,2.051735126,1.6056065717846495,1.335207273,1.9127250530000002,0.2905502810075846,1.2339571809999998,1.440802125,1.541623406,4.4887096,1.7500337245421471,2.638010128,2.448500676788541,0.7628466373441671,1.8012747759999999,1.94178526
2015-12-27,0.4987751995227508,1.9631559134979963,1.6453398590000001,2.846648990492639,0.10224814708784956,2.385103537,0.955833395,1.8103603190000002,0.706123423,2.377765819374503,1.0429627259999998,2.6930508110000004,0.982689931095549,0.9463526590000001,2.227740136,2.059790971,0.910231789,0.8882073779999999,0.332108495,1.305367278,2.064151833,1.1495971790000001,2.7781235989999997,1.1786686290000001,0.848549835,2.3272132104955743,0.2785063104550574,1.118013911,1.6653172930000002,1.41769322,4.680200339,2.2243180828706346,2.658526826,1.66900202,0.5959310630020871,1.814645275,2.369657842
2016-01-03,0.567894781284079,0.930989022,1.8022356309999998,2.084827277483373,0.8755605267092419,1.955035455,0.865407389,1.769338665,0.5511099979999999,2.166832940734912,1.099329256118647,2.922889534,1.0865521831086289,0.814502974,1.781305179,1.8191756630000002,0.8479807541273241,0.903413445,0.4955299,1.432557554,1.909992801,1.244555104,2.121370659,0.953832199,0.876138506,2.2001657658093245,0.4551451078353526,1.169871235,1.50275141,1.489088472,5.0587456912220885,1.897700231,2.4343421000000003,1.8480772840000002,0.6873706373023281,1.648351343,1.8485293630000001
2016-01-10,0.7401194761125323,1.096692486,1.5685700519999999,2.3725311326741947,0.6471005633487887,1.74876679,0.879069753,1.7794765656699931,0.5021079829999999,2.067677393388249,1.2798397100488317,2.609699635,1.244069803,0.7527061079999999,1.2756059370000001,1.724558944,0.955804165,0.8728387470000001,0.417236221,1.5076466130000001,1.5763229319999998,1.1168693170000001,1.7217049480000002,0.6357058049800172,1.081360505,2.3437992849127105,0.6008721983247589,0.8821144740051516,1.447481581,1.1892900240000002,3.9773133003887775,1.901838256,2.187116626,2.705630718091977,0.775760769,1.7183359,1.569975666
2016-01-17,0.5422247724452472,1.4783025580000002,1.459353598,2.471948436,0.35506195,1.7470490669999998,1.006738903,1.2396393573690958,0.484721045,2.571830883,1.3968723610897642,2.9317935210000003,0.8696770065590183,0.666026635,1.304646022,1.877328967,0.5680606370382955,0.935286334,0.388889394,1.622294523,1.7976634530000002,1.050977139,2.5540309319843555,0.7562999729357756,1.302123948,2.104214797,0.5833805024935853,0.8020519243324185,1.596171978,1.5451759619999998,3.9815321110000004,1.9969306895500567,2.0964509159999998,1.7683011690000001,0.973219303084912,1.331051412,1.326096917154572
2016-01-24,0.6178010620000001,2.232668346,1.574680801,2.899276874191677,0.162776755,1.977748646,0.984392685,1.318830895,0.43490578799999996,2.499946816,1.209366983,2.7982975239999996,1.09988547425698,0.698832637,1.353952803,1.6126610995073951,0.5798015120000001,0.834808245,0.464279392,1.750944765,2.023707456,1.186246155,2.7780217881818543,0.715170506,1.6253502659999999,2.149705869,0.744543117,1.031057443,1.703608805,1.0745628379826673,4.041939319079371,2.1917721753891866,2.1106090369999997,1.718402556,1.0482836271199183,1.465096784,1.2405580635600528
2016-01-31,0.7382039302314554,2.9425126952261005,2.029495345,2.813180544569474,0.313572246,1.9586543369999998,1.5867901000000002,1.6508823639278678,0.49838072299999997,2.583750312,1.383236677,2.6602763080000003,0.9914449618210311,0.8111437229999999,1.411115315,1.708484486,0.3971100000964702,0.945434827,0.500032945,2.3577791665865107,2.516867824747058,1.201537724,3.0696698696177767,0.6881884156673521,1.6343528790000001,2.272664798,1.0262660368283931,0.95339857,1.5040263680000001,1.5607931019999999,4.057013057,2.574063365481819,2.079338677,1.958877101,1.0891573158796792,1.5017233769999998,1.2617985553454336
2016-02-07,0.814362563,3.0342552851184617,2.12195437,4.014411662695344,0.354193305,1.8246620969999998,1.708571106,1.636529515,0.563048542,2.379535952670108,1.3727438563457357,2.01138131,1.0615264926708778,0.8837289509999999,1.513486644,1.482942601,0.807927519,0.978043795,0.520497392,2.301536481271884,2.434494561457925,1.3874900369999998,2.031958588,0.7380433920098755,2.0933550359999997,2.1405587128272967,1.0091402620801224,1.3990726619999998,1.783715683,1.650348324,3.9857502698749054,3.1371331614077,1.9041186019999998,1.5805527119999998,1.4716955902683082,1.503375481,1.239363443712364
2016-02-14,1.2366162415227198,3.3753976068909,2.473592664,5.627821239560619,0.26460667334031984,1.93864996,1.6709356290000001,2.295694924890044,0.8355154840000001,2.682949078,1.3990374943482966,2.579080169,1.08821342,1.369311351,1.6203513809999999,1.935159012,1.2493305479999999,1.120793272,0.571165813,2.614323979,2.7692175307646174,1.679440095,2.771358241,1.029962745,2.099659025,2.25203638396905,1.048749640136545,1.728335065,2.437474215,1.93305936,4.742455640358863,3.20495300879318,2.166315417,1.777959951,1.4726470393259865,1.849998693,1.7215095472127198
2016-02-21,1.4779281969999998,3.911002874264602,2.661207775,5.430559447351216,0.3131172759655704,2.194900694,1.974205737,2.32422009,1.307978261,2.456470629,1.5335634604333517,3.5644313939999996,0.98336870615458,1.5411520730000001,2.5058407540000003,2.4838244830326603,1.691546335,1.2882522809999999,0.585190523,3.7582284604356873,3.830666593,2.042163284,2.108465961,1.32394997,2.709927852,2.794282112,1.217937852,1.76438564,2.377077405,2.597145025,5.687117303,3.7219081526692346,2.5901950030000003,2.6018216074941094,1.4447563998995592,2.1455456,2.0073873932885573
2016-02-28,2.0463185164277284,7.82641271739995,3.1891500130000003,5.732800224299067,0.7830939128539003,2.469325474,2.254505244,2.538761479997788,1.895625593,3.395323311139413,1.7410173619999998,3.6706609639999996,1.0774144955333498,2.12042075,2.483971042,2.9490628294057455,1.0420516984143116,1.7957442559999999,0.6937525240000001,4.140902543143194,4.13892269,2.4026629369999997,3.5580090419999997,1.715518118,2.341900232,3.0687011078545425,1.5397648110801618,2.465363446,2.513250881,3.1229152410000003,5.296586811,3.695767669,3.27900346,1.6478541719557578,1.84200927945643,2.568330049,2.738344469
2016-03-06,1.852575789,16.83043681,5.198274959,5.074340183486289,1.4683434291913045,3.10508657,1.939672805,2.761724548,2.182261568,3.5097053988322187,2.034705664,3.706602077,1.238849980962426,2.665634812,3.27665837,3.5020292232491186,0.9836580201837304,2.385356322,0.76168126,4.129968297,4.814662225,2.80418097,3.915155115,2.05445613,2.594438827,3.9549571180000003,1.7243811317752242,2.575194356517508,2.394014595,3.333447091,4.485544937506951,3.180009023164016,4.009002196,2.682279814,1.884421313,2.897317297,3.7545114117577327
2016-03-13,3.035890473871279,7.236802875,4.9677182,3.975544234776392,1.789460732680903,2.1788313900758136,2.158687352,2.8118093266304403,2.1410003719999997,3.0815561079902265,2.376754067,3.303994217,1.3530761578560462,2.438376733,3.474819245,3.0515799261558723,1.4897059677151143,2.248331547,0.9639758979999999,4.350334408038717,4.209992021000001,2.62838058,3.6850974030000003,1.861939397234901,3.29208199,3.918164279,2.087261454,1.992896214823988,2.426239301,2.342575209,3.578383268740554,3.14880399,3.9661255489999996,2.94225112,1.9011754159999998,2.97298706,3.499041187218816
2016-03-20,3.827025415,8.54965837,4.159312358,3.045621278,1.5278993207432516,1.874993591,2.211153607,2.4443160205555543,1.707574309,3.0022299848252763,2.2511817090924717,2.2818803659999998,1.593741000131108,2.34253148,2.715551862,2.6691199869999997,1.864018902,1.3685696669999998,1.10976651,4.419420559544641,3.872623983,2.662838392,3.532305485,1.5426996819999999,2.93239531,3.27879546,1.4704253559335485,1.768686259,2.1478982980000003,1.673022906,3.5913331250225253,2.479049207490309,3.474811577,2.6546585080000002,1.3768161962611019,2.502906912,2.417019546
2016-03-27,3.7168614059795337,6.878284581787707,3.293012418,2.738899785,1.5303352369688314,2.7652955489999997,1.210050564,1.82272543,1.3690942640000001,2.7962636353423957,2.203999612100556,1.830545018,1.4979277747825115,1.971809671,2.359749351,2.791060805,1.805498174,1.4332969880000002,0.9501999190000001,3.770017529909692,3.223978907,1.881733074,3.0277711330000003,1.3873813041073602,1.3892877319999999,2.9072548,1.5077655693560474,1.4859802486154636,2.100561944,1.488501674,3.5876922072600923,2.5690392165702667,3.053452195,2.308677992,2.016818182424492,2.385832664,1.9744893119999998
2016-04-03,3.344517924,10.06264833,2.8179241289999997,2.5350508333461708,0.592905234945136,1.5668355668801182,1.061182743,1.823501565,1.313364685,2.71383493,1.7515414619999998,1.114635361,1.7094484955352502,1.85811716,1.671393815,2.023491089068397,1.116873113574406,1.505370426,0.95172937,3.0346894229314763,3.0215786469999997,1.518120929,0.9266318379999999,0.878592176,1.9982234030000001,2.593690388091792,1.176596456486155,0.9583878282274186,1.643192576,1.450179748,3.4414144219364795,2.161379148349285,2.626277812,2.1420139898156894,1.4121952068369017,2.154767774,1.9581621880000002
2016-04-10,3.4726071611570903,6.069283771,2.391418728,2.087920775,0.5922464246697156,2.0200195869999997,1.271110603,2.0804712475622944,0.933280775,2.300703973483264,1.4930983169999998,1.41332804,1.5191336103021928,1.180580224,1.65585897,1.9526713022607964,1.884882995,0.8914468990000001,0.8600305970000001,2.746892891607228,2.35540870104535,1.265734115,1.5103438219999998,0.7402238557993136,1.837272066,2.250226779,0.9690853141544012,0.947119106501349,1.5473432390000001,1.5862339669058367,2.983062005,1.8918953015569329,2.156208293,1.9629547491007384,1.1510286109999999,1.8750021159999999,1.851260175
2016-04-17,2.387411717,7.446975787,2.9626234639999995,2.35039627690658,0.2971934051118912,1.95785916,0.9440534840000001,1.809956463,1.0546990410246786,2.3702157304357785,1.305358007,1.360624965,1.386568891,1.32186708,1.499231429,2.0170987030000003,1.502067553,0.73827074,0.61141522,2.6930875283126743,1.6683928394933891,1.049160319,1.718112646,0.9305509908399664,0.9652182990000001,2.429619965,0.746839308,0.8930007407546926,1.4316210230000002,1.829736611938355,2.952184414,1.5834052269999999,2.255092172,1.3861645733930494,0.905491011,1.43029049,2.9192376447332027
2016-04-24,2.510593335,4.117699186430558,2.52532136,2.154886524112013,0.2907743920537588,1.838543731,0.643614158,1.1613591624024011,0.687538786,2.2379548023909,1.349925289,1.560763205,1.24161235,1.32865272,1.474235219,1.9213964319999999,1.145946263,0.700680027,0.390087023,2.6513549459235657,1.5749093944874606,0.834571245,1.214272715,1.114796528,0.9174570609999999,2.12584578,0.4618280224074299,0.9352051240000001,1.230870697,1.6352380799300208,2.8769349614162096,1.5111255491751896,2.388832742,1.229768239,0.674442534771967,1.8476807169999998,2.61079354267554
2016-05-01,2.0826172169999997,3.51394977322788,1.780564401,1.8280045218027032,0.394940499976705,1.566437303,0.7174477340000001,1.1497909866036244,0.481088522,2.052967405,1.096173298,1.278061315,1.1812631145607513,0.970296132,1.531738488,1.657954379516655,0.4859650356605639,0.86064853,0.40564252100000003,2.4856775452153093,1.5057305139415686,0.706816605,1.059154878,0.849187817,0.589780005,1.7417458665126666,0.617735274,0.7676255152466398,1.012320406,1.8208014605533585,2.6464191240558907,1.4528079661338251,2.030100263,1.316018215,0.6693128254008222,1.528836251,1.9182593759485824
2016-05-08,1.3689299259999999,2.085555605198075,2.0251541619999998,1.9500425909999999,0.22580001912653505,1.7291003969999998,0.880913208,1.1167356869721947,0.259152339,1.7860395869999999,0.9739593445576624,1.483764369,1.163646663,0.874774492,1.103163041,1.8202115783217856,0.667259125,0.34760815799999994,0.38024146799999997,1.635069544,1.4759819315855314,0.6970474529999999,0.8433469020000001,0.6320779141854969,0.6862470009999999,1.4114951950413936,0.294091107,0.46430721325328106,1.015984862,1.8191144967104824,2.873796954,1.234084169,1.8013604369999998,0.9155001113957688,0.587868544590491,1.3460263430000001,1.209677002530222
2016-05-15,0.912962785,3.751436688,2.009347088,1.809498887,0.07440961313096095,1.7637905130000002,0.517424003,0.854207187,0.36631638899999996,1.841512379,0.9870482780667278,1.4987296780000001,0.9919221009999999,0.9272396970000001,1.33395608,1.3412886791072536,0.5363232370000001,0.360031399,0.329659054,1.567775004,1.5695386195864072,0.603911007,0.725321711,0.716617298,0.478208206,1.665582474,0.2834875648946988,0.55003809,0.911334078,1.3429552512809106,2.3396525843689715,1.330827815,1.649873395,1.01513648,0.43185866883845936,1.3994279459999999,1.001131472
2016-05-22,1.793664947,3.0476603460000002,0.618254716,1.701354621,0.017150654755560213,2.111604598,0.781954549,0.539158378,0.248243897,1.906836098,0.8456451249802185,1.265451195,0.8525889876823143,0.800158039,1.061129856,1.115961345,0.463693788,0.348330236,0.304293698,1.288865923,1.4014589813326872,0.504333253,0.820652963,0.42036486488701896,0.328334649,1.333182545,0.14475338583149575,0.4667716809407258,0.911740538,1.4676040142529474,2.135016346494988,1.2149437490000001,1.5016238469999998,0.6809692310639017,0.3735866628961312,1.294348963,0.941412699
2016-05-29,0.5416222308503899,0.572877163,0.650693989,1.622603545,0.04062092648571902,0.389944736,-0.343726015,0.5287002973286974,0.13723429614115926,1.6582513807148778,0.8123481823996608,1.484439053,0.7588830839421481,0.612582296,0.7709646029999999,1.071066633,0.6870710740000001,0.22271639699999998,0.23360235399999998,1.0853369179999999,1.251916151199271,0.382637477,0.647905473,0.3823686836272976,0.241432817,1.294375164,0.0806105112907971,0.36888620665976896,0.881903931,1.3666301708125461,2.102636669447697,1.518046105,1.409045013,0.8838960126298854,0.35808410386439193,0.780581608,0.4961137127906458
2016-06-05,0.43496713200000003,2.534147965,0.468931928,1.5251152319999999,-0.036949749739320525,0.9564458757370772,-0.224865183,0.296798666,0.09144201971642156,1.4255183673043827,0.6214711218322075,1.9638507790000002,0.8276206661959202,0.571055579,0.871864555,1.0879074578164372,0.0009236012446836027,0.44757719100000004,0.248638694,1.217666863,1.136893262,0.445427244,0.412938191,0.2987172241566878,0.24383029399999998,1.239983738,0.035691709,0.34336426818502186,0.960891449,1.6662066210191693,2.358757655,1.0201277004903777,1.400006565,0.9356125930521506,0.3636100382694841,1.119611779,0.3471738562962252
2016-06-12,0.4446026086329602,1.9727301589680413,0.328268995,1.658253512,0.0075286201268033315,0.309888624,-0.24086231,0.30389820100000003,0.094002614,1.4076712283528214,0.6788687058393977,2.0117009340000003,0.6859346911462441,0.622012538,0.606089326,0.9369108277167524,0.3330722481772338,0.376237407,0.317412391,0.8872291041038071,1.02914079668951,0.31091889,0.338529619,0.434123592,0.19805800699999998,1.133884207,0.127750919,0.33416032100000004,0.84739811,1.5121715243669018,2.136758819,1.0692833758753693,1.196710891,0.7639476470000001,0.3985174254549109,1.419529702,0.149693579
2016-06-19,0.425499325,1.7823914786619,0.238958411,1.873014578,-0.07828141639636678,0.304858223,-0.224782907,0.099037443,0.033107464556081316,1.2363424414969224,0.6805911115569958,1.661592894,0.6270025560791302,0.42563833700000003,0.614757842,1.007217049,0.209718409,0.28473706600000004,0.237368999,1.005167775,0.989861543,0.298383251,0.336457202,0.376875213,0.272944729,1.095566695,0.024002105774126425,0.315630593,0.8252660140000001,1.317999585365952,1.7906044260714538,0.6511443116103819,1.187182281,0.7474816040000001,0.3081977664832104,0.9966272540000001,0.12282571800000001
2016-06-26,0.2117218508886397,2.373538784623667,0.321435696,0.983345207,0.039700687547122034,0.342415619,-0.08141010000000001,0.3585655231655997,0.02960138357238085,1.245131889,0.6301705669019682,1.9186009590000002,0.6454290633009147,0.446935884,0.547230542,0.9714426009999999,0.01035016494321217,0.5424683920000001,0.180606858,0.7507376841264075,1.045225365,0.364992207,0.286551419,0.44915924799999996,0.08814847699999999,1.067250501137249,0.0915287771196292,0.24751208800000002,0.6671915270000001,1.0006351908885616,2.059638336,0.8644278130033889,1.138900738,0.4918240033394517,0.40651966412987023,0.775142999,0.141602852
2016-07-03,0.24480179,1.6339285895426316,0.140810618,0.9927476491463564,0.05878930624670309,0.254261155,-0.277556488,0.07509751373032114,-0.01095706559354004,1.4270347421673286,0.6387406083705034,1.6230427230000002,0.6477414264238749,0.40548492700000005,0.49567054,0.881743849,0.33406179243708,0.7237127720000001,0.157802878,0.927449689,0.7997708262958423,0.345373964,0.40399548700000004,0.336313545,0.064982962,1.0669312258344616,0.0815849410977953,0.13048632420165762,0.617594501,0.9798537779319456,1.6763704850865642,0.6676619737827371,1.1702291759999999,0.4659541958109055,0.151963859,0.43390154,0.151237851
2016-07-10,0.5369676720441646,2.0028374382025733,0.22169999,1.0016024423229195,0.01154626379268203,0.279579355,0.018624448999999998,0.183426895,0.03323119982888656,1.239646449,0.550361700979907,1.6653370019999998,0.6185628401218802,0.37173665200000006,0.346843523,0.8255442864092997,0.33835020200000004,0.503602225,0.112480709,0.4851796363364733,1.1831833367378397,0.352863917,0.24225745399999998,0.374621679,0.17826012100000002,0.9832562881969592,0.017119318,0.12730060032365587,0.671053103,0.7479136612485724,1.5193108098045818,0.8233232807408617,1.017141393,0.5332686198787697,0.23388431399999998,0.367430863,0.12871850699999998
2016-07-17,0.18227393028681715,1.6624935719337308,0.131691586,0.869740049,-0.016508791043288173,0.188368428,0.022978241,0.144021301,0.045369823929534925,1.219431147,0.5823366502996454,1.56671979,0.6574955708691789,0.434030584,0.41510558799999997,0.7567419677654812,0.201145832,0.48760337299999995,0.17246157,0.6938592801106822,1.050147523,0.31896162100000003,0.262935397,0.38706331251070025,0.136849177,0.9281652368742964,0.03037912514408136,0.1816174714775891,0.559005641,0.8997848700254214,1.4886745624218818,0.8488833570000001,0.9921338540000001,0.6992412742741168,0.206663247,0.398522647,0.138307986
2016-07-24,0.310753352,1.4778924229317232,0.058511997999999996,0.879534308,-0.12335630803763675,0.192243923,-0.186264707,0.10342978900000001,0.03689262955114125,1.190530664,0.5668813402595274,1.5286846680000001,0.654282868,0.48399389600000003,0.5898105379999999,0.8458246759999999,0.2835182039353963,0.365456134,0.19061476600000002,0.6105344217482758,1.009341783,0.39418907799999997,0.29862564399999997,0.33220690199999997,0.146735401,0.9125277959999999,-0.002301654650050389,0.10220416200000616,0.5811381999999999,0.6796041190000001,1.42319065521353,0.8485392106412971,1.0346055490000001,0.7927014379999999,0.3327410865166812,0.34904327,0.136963433
2016-07-31,0.4516847278310268,2.1599728251237686,0.18713137800000001,0.836175607,-0.04623839196257048,0.272143756,-0.084562176,0.110472874,0.006360329620011762,1.1569890265594904,0.5690363877212093,1.517385569,0.6300929739872569,0.429284447,0.683443831,0.6583696646636472,-0.10229680473181436,0.36113117899999997,0.228239718,0.6436245502039599,0.960860543,0.307070561,0.255367008,0.308703711,0.063211709,0.898142606,0.02238706544168645,0.18258046593036706,0.610953671,0.7625850120000001,1.4271522624654531,0.8076721290000001,1.0551133670000001,0.5363268730226839,0.14326092599999998,0.590475923,0.137861877
2016-08-07,0.5109092750126403,1.4661306915727883,0.060804110999999994,0.8205412409999999,0.037444648999999997,0.24537310199999998,-0.150379904,0.178843248,0.06852051245667479,1.1779672334717743,0.5239401113938486,1.5707621369999998,0.660460709,0.43214102200000004,0.591089674,0.8059751605738663,-0.064343177,0.585161564,0.32581942399999997,0.467200154,0.897452129,0.25630942100000004,0.309177602,0.32149837800000003,0.08888428400000001,0.9595112140866572,0.04154139632379905,0.1591141431814479,0.5036888310000001,0.7961553404826306,1.526467521,0.7613032612424964,0.977023812,0.8367743334162444,0.17535279399999998,0.447999838,0.141679837
2016-08-14,0.525769001,1.6988410129097442,0.15995256,0.502226424,0.027937821,0.294317653,0.056193244,0.2241108899952109,-0.032625413,1.2153251616761591,0.460615726,1.40275496,0.618702055,0.416368794,0.49919062,0.950157813,0.014429942,0.399728191,0.306183864,0.4081707950355189,0.768554608,0.255459308,0.13956824,0.3794272356304855,0.061982830999999995,0.905047644,0.03343467483819473,0.08827044,0.525626014,1.2586130949331105,1.369413028736608,0.810124909,1.055892143,0.8783238090000001,0.144903427,0.397613799,0.133993564
2016-08-21,0.3926434336552597,2.145374829721494,0.199817721,0.645672181,0.006752676,0.307735834,-0.000437756,0.21927523699999998,0.067634374,1.227962409,0.49213010100000004,1.5191429109999999,0.6127425628333434,0.470767878,0.628937249,0.995616487,0.11989173740418925,0.438936045,0.303840462,0.434732866,1.1173433602937497,0.284332081,0.21909995,0.4009088637297293,0.137133304,0.8862850529999999,0.00775060154789342,0.2697265154029166,0.629291876,1.1638520320831665,1.4798746603808133,0.8839212320000001,1.050661066,0.730724239,0.23873919600000001,0.434437457,0.178654852
2016-08-28,0.624057976,1.8665820008793408,0.26389375800000003,0.7285593159999999,0.10820157400000001,0.340501681,0.098251884,0.330254817,0.12473106452218152,1.5740773487841535,0.517784012,1.491395147,0.6354055148087938,0.498910323,0.749959954,0.7693552244317129,0.06442819400000001,0.48583344700000003,0.35563198,0.6445567106989172,1.029485971,0.350359054,0.149305981,0.4730147432986529,0.157503255,0.846854124,0.04704607845254949,0.290801048790826,0.723011858,1.2021116684090571,1.9087703976133872,0.8330279514697048,1.140396914,0.8130354455517265,0.193024445,0.43853230200000004,0.21563321800000002
2016-09-04,0.987344682,4.722187551722927,0.565759227,1.087075679,0.07307520099999999,0.501937494,0.098633981,0.49349149299999995,0.14420997157228138,1.691142484,0.5150059929999999,1.522645209,0.6946598131047559,0.6418669579999999,0.721010732,0.8144752781194375,0.21054500684166846,0.552423511,0.302667327,0.40538620700000005,1.314363735,0.336988182,0.188902808,0.47583125,0.284257711,1.024853204,0.153672976,0.5655023319897939,0.584189363,1.018908710678502,2.257754427,0.9686685801882003,1.205874038,1.183016145,0.220109348,0.6154320879999999,0.23734844
2016-09-11,0.964936372,2.207067021,0.37662573,0.8060353047000799,0.037115701576307066,0.332971352,0.21840613600000003,0.548648192,0.2747380723841272,1.4539561680000002,0.61976339,1.8390847369999999,0.8602475321345987,0.523457859,0.9641982840000001,1.0112409462523202,0.140991561,0.645195566,0.46733412,0.715599407,1.6135458403564942,0.475422226,0.26747704899999997,0.4979302089133876,0.318079967,0.943114335,0.642659695,0.4629581808714121,0.7224883679999999,0.5449946808662942,2.705057165,1.252156548296636,1.189689408,1.2103522820000001,0.374000544,0.529040461,0.329056478
2016-09-18,0.972530798,2.055986076,0.515536171,0.8978974940000001,-0.015107235672583931,0.32397888199999997,0.36233596700000004,0.5086443251847259,0.13731637,2.0111926823997592,0.741473279,1.570789508,0.7088139528957483,0.48108805600000004,0.8626043379999999,1.230326018,0.140908043,0.672849987,0.345668601,0.538500866,1.4439086624428228,0.48041501200000003,0.286726802,0.5081669259367495,0.392805477,1.031827155,0.69149624,0.505036602,0.844122787,1.026277315,2.436191485,1.0733092380944156,1.22469187,1.257885785,0.356455404,0.897616887,0.37797571799999996
2016-09-25,1.438000191699925,2.345909932,0.45578511200000005,0.46579027799999995,0.14267922209344838,0.374267749,0.33872817200000005,0.5149122764498397,0.316894458,1.454919716,0.6256848779999999,1.449200265,0.9316289180350033,0.8203027409999999,1.112271423,1.392604983,0.1107617608143706,0.634938255,0.39490084299999995,1.0104829506779789,1.298969917,0.506665858,0.233446414,0.604291102,0.269679815,1.028911711,0.49697694,0.566132914,0.9235313759999999,1.17046215,2.5651890796851373,1.010417806,1.4197659809999998,1.0177269359999999,0.319009268,0.9762836420000001,0.38475547
2016-10-02,1.169070660663626,2.2695941675108617,0.467034327,1.183962782,0.2606487037022614,0.269676046,0.12164590800000001,0.566604979,1.353115795558801,1.315825968,0.6916692193242969,1.310229879,0.8104973120000001,0.9107473859999999,0.886737317,1.471751302,0.4729905652282978,0.455635355,0.27640141,0.7395808992155091,1.489194959,0.541578456,0.442153078,0.63870649,0.33783362899999997,1.049953917,0.277540144,0.553431102,0.97360448,1.379977253,2.816799386020248,1.1847405314304735,1.550385119,1.080425832121377,0.363769723,1.196716732,0.392050757
2016-10-09,0.8640214646221693,1.9126301594161217,0.48043111200000005,1.046077623,0.160498382,1.199264074,0.40096688399999997,1.09422909,0.4836690125655325,1.528959115,0.6303401670000001,1.073773835,0.822362145,0.839760044,1.2123720820000001,1.520487039,0.5401625779133439,0.47610202799999995,0.291803768,1.8646120519999998,1.406618242,0.558269805,0.6672602320000001,0.6304228070000001,0.514288414,1.0511292209999998,0.09477003452430216,1.296568977,1.034276487,1.3672072249039922,2.9898954953417363,1.03708964,1.5768352719999998,1.00198161,0.42864058200000005,1.192570374,0.344879035
2016-10-16,1.1502085340000001,2.6723240994596225,0.524963371,0.976319417,0.12899973,0.9811481502435866,0.297864768,0.703914357,0.4684926249797725,1.36941331,0.6700401979999999,0.8494350009999999,0.743719152,0.8686240059999999,1.179535272,0.963721627150682,0.4486437722672468,0.41728914100000003,0.26237619100000004,2.018498077,1.1272814095279131,0.559256333,0.618977635,0.664642744,0.41829833899999996,1.142870329,0.15979557790013654,1.3697367753647265,1.0060943390000001,1.2676385532633478,2.978900093,1.077163222,1.622501754,0.7556877499919329,0.52825994,1.042730004,0.36872447799999997
2016-10-23,0.880342326,2.2399374796125007,0.480829835,1.279977055,0.296354192,1.66418702,0.33190847,1.106162594462509,0.59197872,1.7311492030000002,0.728206613,0.98156745,0.7596337240000001,1.0730512220000001,1.200562022,1.118271944912343,0.6837926559999999,0.46190091200000005,0.218019035,2.165771396,1.111756453559435,0.615122201,0.91413858,0.7074948691514392,0.614278703,1.187215174,0.20448192655989872,1.3280396545329567,1.001634846,1.1837402156784846,2.6654957130000003,1.025655242,1.647911668,0.6590556765516739,0.526512236,1.196721178,0.424896767
2016-10-30,0.9124360820830736,2.220470786,0.47746629799999996,1.7210174409999999,0.37313425899999997,1.760378859,0.131221995,0.6312841881887441,0.7031783924291247,1.704312663,0.72548901,1.1086898170000001,0.6745274344837051,1.146393266,1.262649979,1.04127674882146,0.8418329183026111,0.393583676,0.237083955,2.3481384569999997,1.33164799383948,0.695683631,0.9280988440000001,0.682402684,0.623678339,1.19112917,0.18606250557705065,1.2078928530358952,1.0711194240000002,1.3531940740000001,2.859650348990358,1.033734073,1.83482081,0.6145424942913995,0.532131775,1.067896895,0.433669873
2016-11-06,1.2032407161709628,3.7048722339999998,0.56607138,1.55116220198988,0.401335376,2.384126449,0.108825096,0.9052036437269532,0.662879288,1.915199525,0.7189031378738149,1.074229103,0.8077511448673684,1.278496769,0.974107704,1.0474002862345513,0.2996060097015717,0.44405147899999997,0.366219943,2.427646379,1.3448439591104298,0.866879981,0.7971059707136952,0.5510824318211412,0.8658145970000001,1.16138423,0.345958382,1.2732857807163556,1.096834737,1.5551254540000001,2.8340998410000005,0.9902169409999999,1.7994817580000002,0.522370083,0.5283120106780946,1.217151909,0.390596001
2016-11-13,0.84160505,1.9753263420906684,0.506645335,1.2830578274431363,0.226924655,2.507710755,0.401518919,1.024786258,0.607226712,2.1049336667828658,0.8223264354596878,1.295641249,0.7059717529999999,1.4488394230000001,1.066097101,1.2797871984591431,0.663477777,0.586205546,0.412446718,2.3847559130000002,1.558008859197899,1.027102746,0.7581171234414172,0.7571276902248248,1.053105606,1.2826427120000001,0.379011396,1.179067007,1.086418758,1.6270152580000001,3.280243959440734,1.119866493,1.928790402,0.578540718,0.5777725899180279,1.327550334,0.3392987041271587
2016-11-20,1.0791308659999999,3.347898774184116,0.576343185,1.7627768633954863,0.06958989163637819,2.537532282,0.18860935,0.9849001644719744,0.897857638,1.9046455659856285,0.963777982458476,1.139588804,0.760094849,1.484275705,1.030084499,1.5166596880508416,0.6640372314712465,0.56659476,0.330053193,2.521706584,1.5014740984994872,0.9785169090000001,1.1776964721731122,0.752780345,0.860521234,1.3819102669999999,0.16772822765427498,1.507956184,1.338603861,1.9474574180000002,2.8162614323480017,1.167655742,2.039686412,0.563737079,0.5477897623551901,1.1835483470000001,0.3828382294362629
2016-11-27,1.2681377685254196,3.3237926351715723,0.7670183279999999,1.7793194031221002,0.1603806485180623,2.9716701710000004,0.234970436,1.692630435,0.832912045,2.044682279082272,0.7927605491476779,1.4967599919999999,0.8173919634385419,1.371305472,1.142606313,1.767972017,0.1825329924177057,0.68697684,0.39160111299999995,2.948916873,1.7403885460054314,1.185387389,0.949793578,0.7430950030888501,1.089121829,1.273932571,0.2749298083366981,1.810211959,1.320398155,2.6061131769999997,3.252727002,1.299947018,2.178285224,0.7262379080964396,0.5750802849548573,1.0638876590000002,0.4266801607660793
2016-12-04,1.170502552,3.758281123,0.76877198,1.8469239162679087,0.06047454079118725,2.653894374,0.255679321,1.459277164,1.061027408,2.547288924,0.8640235909999999,1.2025809729999999,0.802679103,1.105362809,1.269684614,1.7351844619999999,-0.20087351219352745,0.845448912,0.410548252,2.5319806579998776,1.501263080054582,1.219834135,1.214858885,0.7220925462885609,0.992325626,1.4034615330000002,0.3308921469236901,1.874823275,1.282725678,2.10906145,3.29950977067878,1.280298275152795,2.0802532680000003,0.591403574,0.644734417,1.1919235240000001,0.22224485929997284
2016-12-11,1.092495927,4.370664693,0.82360605,2.626450631,0.05440462755513098,3.133911148,0.322333572,1.5167435870862669,0.845776814,3.047232925,0.8691446371908124,1.160431668,0.824317225,1.569665254,1.38547869,1.709382425,1.143208178,0.63570076,0.38304219,2.9496251119999997,1.6645720708142675,1.6293502130000002,1.4625689871091259,0.9331637209999999,1.195672765,1.5755231369999998,0.251067183,1.5501308569999999,1.3076747340000001,2.1922414677862583,3.592393813,1.724225053,2.221617718,0.561074584,0.6981339182633142,1.45694684,0.535716192
2016-12-18,0.8045372230388612,6.397370085,1.003051761,2.972112186925288,0.3766401421604166,3.288760992,0.532155295,1.5242550985500356,1.0770004340000001,3.3127516210000003,1.1806480491065952,1.55025563,0.8129367980310948,1.7726264669999998,1.444803015,2.3916026288055545,1.0700300040000001,0.769235916,0.466428798,3.388724767,1.808240246316636,1.5442306609999998,1.8179410943646936,1.253091813,1.891817224,1.985599739,0.555504752,2.128678969,1.254208382,2.634239069,4.324973308200465,2.9106231445301844,2.423340611,0.7258946079999999,1.3792872342100075,1.364837356,0.8146358730447792
2016-12-25,1.2186347062325302,7.181656844,1.182645821,3.5023735019999997,0.30654060748796225,4.185232151,0.8009213040000001,2.2252841735220787,2.4660079219999997,3.5466969230000003,1.4236055980000002,1.85950442,0.960885897,2.176681421,2.143659481,2.587201945,1.6119831411728345,1.010682806,0.48335233200000005,4.071966457,1.9259093098450784,1.9423399890000002,2.577875925691335,1.473677938,2.074995045,2.9897430490680468,0.3072267566861229,2.248377311,1.418859607,3.194615943,4.632319112696352,4.005231032746736,2.9799832019999997,1.195980415,1.4909583530000001,1.640884727,0.7871651127792256
2017-01-01,2.029705748,8.347986342999999,1.120903547,3.614676774,0.36954025493524745,4.260244848,0.898494054,2.348621594,3.1197272839999997,3.5086359139999996,1.7681125069999999,2.175583027,0.926571266,2.504064784,2.0521486859999998,3.0629908536308736,1.9066757269999999,1.289571834,0.30232150399999996,5.419019709,2.4067276685847,2.3090366159999998,2.292018043535432,1.5905371780000002,4.762459713999999,2.81688097,0.5132603984401117,3.6662549139999996,1.7150199119999998,3.6088886510000004,4.43570073,3.657332817847027,3.2593004139999997,1.196935323378785,3.4456167753261937,1.341372089,0.648242351
2017-01-08,1.48341575,8.157961554,1.213652021,3.216003184,0.4600947521963786,3.683205402,0.525773188,3.3791457926861543,2.31050728,3.5658567773020557,1.2675990558291994,1.541731096,0.9190061173735026,2.430874261,1.9098790280000002,2.5064140274107385,2.4583653268712005,1.438679162,0.574619008,5.478542315271852,2.454048234928464,2.150750018,4.7127081236944806,1.45108256,4.269002475,3.205336699650433,0.4145072942991928,3.729153738,1.808538137,3.50484406,4.2783659968227985,3.1105257269999997,3.136250946,1.1568296160973428,3.2027493579503945,1.522201832,0.486933192
2017-01-15,2.6703795470939844,7.37847982,1.579731745,2.758023187669712,0.6241771113695498,2.962768386071912,0.358293846,3.7842034512445126,2.9117800160000002,3.30885522,1.63839042652137,2.1071281490000002,1.032797514,2.237621124,2.396513894,2.2209470684771846,2.7476557280000002,1.702581563,0.574094044,5.244818827,2.321587313792249,1.9836158519999998,5.9181972835799215,1.401477094,2.520240205,3.541660931988094,0.2234109386407744,3.5732170130000003,2.1974051880000003,3.704780888,4.634619056,2.88520439,3.42192517,1.011735653,2.4841230287893654,1.7426273509999999,0.6392658473764512
2017-01-22,2.44137874,10.34654443,1.39482169,3.5114518374928814,0.5661561531655857,3.8435619924490094,0.300987067,5.9324998246644185,3.726453321,4.078627328460293,1.7942766917226216,2.560151,1.0513406549249251,2.095225949,3.245947272,2.5096624153260905,2.545638058,2.511375466,0.502568639,5.3821743879667405,2.994739436984029,1.997295997,3.023947545390077,1.502491153693558,3.171596538,3.024812652,0.445661838,5.099275626,2.587307022,3.4484728330000003,5.374139935723416,2.3270147752990096,3.497774868,1.4390077713244809,3.051163355,2.4934573419999997,0.4305366030543839
2017-01-29,2.148458664,12.63435065,1.468162982,3.0409052721630214,0.7845364788391989,3.934249828,0.796232438,6.391525112154954,4.403032511,4.613706576108859,2.2939939524311743,3.005767178,1.060171219,2.647619241,3.550804212,3.1162276774381636,1.936268458,2.591283317,0.6985563309999999,6.402201718,3.047673732,1.8993794830000001,6.191027812140717,2.042757371,3.0181638239999997,4.235273932166476,0.698031622,5.902558954763517,3.3269309610000004,4.255816814,6.215011810228153,2.049791245,3.7568996739999996,1.4445561980000001,2.2685912966202517,2.7666392969999998,0.617685467
2017-02-05,2.5015109130115696,14.0966564,1.749625904,2.854143577,1.0153640658487637,4.221077440994025,0.95841892,10.03624656888183,4.459121838,5.972120582571336,2.886203292167865,3.574958901,1.263637806,3.023320796,4.286986188,5.762456028775379,4.172389097,3.111141734,0.787366591,7.094577534,3.849605753,2.178536385,8.525197817,2.396353526,3.4048552639999996,4.647234429524443,0.7689389117742761,6.632797628,4.460026334,5.296777455595016,8.513641347768523,1.851545109364106,4.1653988669999995,1.7345585703068531,2.2465109193464365,3.479579846,0.8873577840000001
2017-02-12,3.3563593160000003,16.067298,1.2783379540000002,3.2711363760000003,0.646582479,5.937104090153004,0.758834717,10.986395109679522,6.1601724220000005,6.184664183067738,2.545502982562956,4.55510318,1.6576813780000001,3.842387089,4.708740955,6.295073083999999,4.089423088629421,4.152490913,1.159081119,7.547846384,5.184565895501377,2.255896566,11.56701506,2.814434119973061,3.628094073,5.0017105135845545,0.26717431496400645,7.8039990370000005,5.27365468,8.071283628311845,10.363087382658057,1.4935168076657523,5.619456264,1.243444972443681,1.5765341380803504,3.891024077,0.2609523057473037
2017-02-19,4.176248673,16.74119095,0.83697571,3.236254675,1.250163454,6.270096751655003,-0.22407557,8.372441805105773,9.708781940142057,5.789190002131939,2.490394647379966,6.105348417999999,1.48715559,4.698028139,4.534552538,6.5638074379999996,4.778920106222568,2.9914464310000004,1.7558161319999999,5.904726061,4.7197699730738805,1.9344907059999998,9.606693318,3.59001971,3.401082633,4.588680287205755,0.15860401200765958,6.746830309802713,5.049511281,7.407038055,9.294262974,1.7697699364243429,6.0573849310000005,1.1508050155464384,1.0517485598615457,3.554158447,0.14996906821358824
2017-02-26,3.779417252,17.61205701057432,0.548825364,3.426782135,1.1555512,5.575316378157152,-0.161871243,6.470580608,7.697248279959655,4.800516175086847,1.8355372182144707,5.71097086,1.3462464538976049,3.990370421,3.734729614,7.0333127203938925,2.763166216646656,2.371567694,1.7154407369999998,3.917774896776808,3.945220601888233,1.6495702369999998,5.36164324599764,2.4734905649551,2.68616545,3.6930137015327884,0.08937259649063578,7.375235167944496,3.386818597,4.799027083,8.374407378999999,0.8437661174586341,5.818295496,1.5945561266388448,0.7485858997670014,3.12953235,0.1093754339321461
2017-03-05,3.289267329,19.29639288,0.663473839,3.7696380360000004,0.4532605015481507,3.9194625484255017,0.038663227,4.007462407406061,5.2528627217328445,4.1580178210000005,1.8323472896588904,4.147936551,1.5686113671333288,2.9316196839999997,2.673955948,5.988978060415198,2.6342155432888457,1.556651425,1.221686952,3.070546222885353,3.5173879489999997,1.46361025,3.0670203455722405,2.268771311,2.5169666509999997,3.5151084163051944,0.08566969546890274,6.182360272835973,2.609906486,5.1371065719999995,6.898752187149437,0.542551269,3.6096260339999997,1.651883183,0.7186656894673812,2.522354903,0.09240250322006772
2017-03-12,2.52265178,4.832060987,0.436269908,3.403693188,0.5713723233419276,4.006748391406643,-0.130385376,3.3570965285358305,6.228160443999999,4.179391372205171,2.038703595529656,3.991029606,1.6607565253307328,3.39167227,3.4215753039999997,5.419555652000001,3.5109576811277194,1.7751568169999998,1.120364669,3.4381205057125253,3.033200652316615,1.203594918,1.9734129214956808,2.242074685089821,1.674517355,2.9870709293187656,0.08585103420189141,5.225216505,2.347776058,6.118528724609398,5.950176905630062,0.8364187594950608,3.83136215,1.924518824235797,0.4818964428610505,2.410157092,0.09634624844359928
2017-03-19,1.8576332734021188,9.371872550539225,0.421477721,2.7671098173085915,0.5853566972123523,4.843596817,-0.216827532,3.0539768542968755,6.86202394,4.21927346337229,1.883139830649164,3.95915747,1.7011938213750568,3.817399257,3.0264821889999998,4.043692598,2.6241808256267847,2.0546070519999997,1.194084972,3.440122305,3.0332062239999997,1.434505559,1.453588960352156,2.362655011872305,2.054024034,3.25187737,0.0857868615975233,6.485114654,2.283368597,4.739130585306863,5.755065445,0.545454699,3.947468406,1.7312541769999998,0.6461325204025565,2.801479081,0.0900203827525905
2017-03-26,2.131831674,2.615972059,-0.100897689,2.742420323598088,0.4831791290290545,5.200340359,-0.022853996,3.658761964,7.5710843720000005,3.132409833,1.687827091,3.656165255,2.185359244593092,3.5453557069999997,2.952346233,4.58841755,1.7433977158480392,1.644689387,1.090202035,3.2237542795106924,2.3013588169999997,1.221187209,2.7253796523822937,2.183832409,1.58573403,2.28097969,0.08229886105204659,7.169368611,1.943160922,5.211329473399542,3.651919407095022,0.20618414899999998,3.8325285239999998,1.6717372378034712,0.4973029655968391,2.560690323,0.09239452965469452
2017-04-02,3.002110197,-1.790223366,-0.255783685,2.873095289298692,0.17626033800000002,4.448324755,-0.290529511,2.537815441,5.161402776455486,2.699493117,1.787190536,3.337815627,1.8009801890000001,2.6974975430000003,2.674272126,3.3000487080000003,1.5644276513856794,1.199031606,0.962740065,3.6525540326657993,2.130482610567628,1.000668785,4.908296056,1.5163731997940575,1.174931738,2.172469233289352,0.07189435694469422,5.203530444060244,1.699986948,4.5272990019999995,3.832122563259325,0.392871058,3.345098575,1.6729269074315325,0.4701062236408804,1.74251057,0.0950954832683516
2017-04-09,3.097823371,-2.954347373,-0.141544304,2.855873850372559,0.4076649276943216,2.435952468286192,-0.328215963,1.7228122484489916,3.020779435975747,2.631754312,1.932007940416844,2.450076352,1.764559336,1.720147884,2.700073899,2.4722367798405207,0.9543900890881576,0.961587988,1.376239872,3.253722802,1.849447032087012,0.945552313,4.644604574,1.1328768594777476,1.153778926,1.9389289843856319,0.05610764073289076,3.45024374,1.607362659,2.9847205263439114,3.3040016185746386,0.57120117,2.4344617619999998,1.1921557465362818,0.5362141108044106,1.637357876,0.033832661752648215
2017-04-16,2.5699606682953697,0.281477593,-0.013813396,2.413032294,0.3797073614715541,1.9539724469229784,-0.092689124,1.112384247044587,1.6041155463937231,2.0387456969149884,1.3353136211536292,1.6634660980000002,1.6463600280000001,1.354283299,2.257949696,2.337410774,0.8025338028095456,0.826582624,0.8268681840000001,2.5273935817512867,1.708271549,0.666228533,2.782400674,0.7019782063267934,0.8298449640000001,1.6182134831777328,0.036832764277972385,2.405646747,1.485323502,2.195916716369444,3.1198954854481182,0.6937429235401567,1.542238695,1.0269322779999999,0.4909038673680273,1.6395311999999997,0.04660008130017357
2017-04-23,2.00741137,1.7045173421402129,-0.0039452490000000005,2.57819838,0.1661907342866394,1.6859944644638527,-0.218822978,1.1739559720638921,0.986315791560677,2.128617168855019,0.8844071526655741,1.33259835,1.202147901,1.31256719,2.295207844,1.3018560777786472,0.12351249,0.515717075,0.72815879,2.1467809802892157,1.580258389414962,0.798603501,1.8214077921452347,0.6326580100340267,0.860755935,1.493140132,0.05996687467470799,1.451512195,0.890682827,2.4275328018973137,2.8127230061009354,0.836222427,1.386685657,1.1235639455173316,0.3940699100161828,1.340077818,0.036913792329436916
2017-04-30,1.5837838578288927,1.6409950984276294,0.055441147999999996,2.8537057122950285,0.09103308692991616,1.445055477,-0.19065252300000002,0.7807928140000001,0.6647779104835253,2.1693587969999997,0.9675826209999999,1.08003411,0.8579008481614383,1.26120577,2.023558644,1.1352831975311664,0.6865853017556866,0.5079264,0.5547689570000001,2.2749613499021932,1.2835478520223214,0.679082981,0.8186100422858229,0.570817904,0.653428025,1.287998021,-0.088776003,1.727159871,1.138395027,1.8190243306173448,2.677287303,0.9465733134665156,1.254935272,0.9678095811853552,0.4762248402164427,1.26157149,0.013710511330259578
2017-05-07,1.974970419432952,0.93588449,0.003253422,2.685897896236406,0.09375349638233674,1.5653825890000002,-0.080509706,0.5653997484687223,0.5691529844032377,1.7338318140836568,0.6935085586964062,0.940027576,0.7807470399420056,1.145283378,1.7878645309999999,1.0942521359883788,0.589539492,0.462433679,0.367743004,1.957631179,1.5515676180000002,0.827672898,1.691091394,0.5530228220000001,0.996280926,1.1693991046212715,0.028724904248773605,1.199162228,0.911421633,1.5156372937928515,2.336046223706304,0.6399019217006934,1.18562554,0.8306517640000001,0.273125312,1.172404583,0.008607120675292346
2017-05-14,1.41761557,1.4085270630000002,-0.096503454,2.9760181322624417,0.018567356,1.2753402790000001,-0.173621115,0.4640919588173786,0.3269994681669721,1.7413417616160534,0.7354357993551025,0.9137150359999999,0.762335887733953,0.974709846,1.872683245,1.0078208991357738,0.8166754086000715,0.42296002,0.38781822,1.95160069,1.417503845,0.753293422,1.412191754,0.5682204032319704,0.812153668,1.060643825240967,0.002915231155878939,1.3303491128942606,0.753792716,1.8387621937195668,2.029326007,0.743216302,1.15583003,0.6771687889397482,0.34569783299999995,1.0018378620000001,-0.04089621519279096
