Week,ILI,AR52,ARGO,ARGO_top10,ARGO_all_weighted1,ARGO_all_weighted2,ARGO_all_weighted_more_ar,ARGO_top10_weighted1,ARGO_top10_weighted2,ARGO_top10_weighted_more_ar,ARGO_obs_weight,ARGO_top10_obs,ARGO_top10_weighted2_obs,GFT
2011-01-02,0.0,0.0,0.0,0.0,0.0,0.0,0.0,0.0,0.0,0.0,0.0,0.0,0.0,0.0
2011-01-09,0.0,0.0,0.0,0.0,0.0,0.0,0.0,0.0,0.0,0.0,0.0,0.0,0.0,0.0
2011-01-16,0.0,0.0,0.0,0.0,0.0,0.0,0.0,0.0,0.0,0.0,0.0,0.0,0.0,0.0
2011-01-23,0.0,0.0,0.0,0.0,0.0,0.0,0.0,0.0,0.0,0.0,0.0,0.0,0.0,0.0
2011-01-30,0.0,0.0,0.0,0.0,0.0,0.0,0.0,0.0,0.0,0.0,0.0,0.0,0.0,0.0
2011-02-06,0.0,0.0,0.0,0.0,0.0,0.0,0.0,0.0,0.0,0.0,0.0,0.0,0.0,0.0
2011-02-13,0.0,0.0,0.0,0.0,0.0,0.0,0.0,0.0,0.0,0.0,0.0,0.0,0.0,0.0
2011-02-20,0.0,0.0,0.0,0.0,0.0,0.0,0.0,0.0,0.0,0.0,0.0,0.0,0.0,0.0
2011-02-27,0.0,0.0,0.0,0.0,0.0,0.0,0.0,0.0,0.0,0.0,0.0,0.0,0.0,0.0
2011-03-06,0.0,0.0,0.0,0.0,0.0,0.0,0.0,0.0,0.0,0.0,0.0,0.0,0.0,0.0
2011-03-13,0.0,0.0,0.0,0.0,0.0,0.0,0.0,0.0,0.0,0.0,0.0,0.0,0.0,0.0
2011-03-20,0.0,0.0,0.0,0.0,0.0,0.0,0.0,0.0,0.0,0.0,0.0,0.0,0.0,0.0
2011-03-27,0.0,0.0,0.0,0.0,0.0,0.0,0.0,0.0,0.0,0.0,0.0,0.0,0.0,0.0
2011-04-03,0.0,0.0,0.0,0.0,0.0,0.0,0.0,0.0,0.0,0.0,0.0,0.0,0.0,0.0
2011-04-10,0.0,0.0,0.0,0.0,0.0,0.0,0.0,0.0,0.0,0.0,0.0,0.0,0.0,0.0
2011-04-17,0.0,0.0,0.0,0.0,0.0,0.0,0.0,0.0,0.0,0.0,0.0,0.0,0.0,0.0
2011-04-24,0.0,0.0,0.0,0.0,0.0,0.0,0.0,0.0,0.0,0.0,0.0,0.0,0.0,0.0
2011-05-01,0.0,0.0,0.0,0.0,0.0,0.0,0.0,0.0,0.0,0.0,0.0,0.0,0.0,0.0
2011-05-08,0.0,0.0,0.0,0.0,0.0,0.0,0.0,0.0,0.0,0.0,0.0,0.0,0.0,0.0
2011-05-15,0.0,0.0,0.0,0.0,0.0,0.0,0.0,0.0,0.0,0.0,0.0,0.0,0.0,0.0
2011-05-22,0.0,0.0,0.0,0.0,0.0,0.0,0.0,0.0,0.0,0.0,0.0,0.0,0.0,0.0
2011-05-29,0.0,0.0,0.0,0.0,0.0,0.0,0.0,0.0,0.0,0.0,0.0,0.0,0.0,0.0
2011-06-05,0.0,0.0,0.0,0.0,0.0,0.0,0.0,0.0,0.0,0.0,0.0,0.0,0.0,0.0
2011-06-12,0.0,0.0,0.0,0.0,0.0,0.0,0.0,0.0,0.0,0.0,0.0,0.0,0.0,0.0
2011-06-19,0.0,0.0,0.0,0.0,0.0,0.0,0.0,0.0,0.0,0.0,0.0,0.0,0.0,0.0
2011-06-26,0.0,0.0,0.0,0.0,0.0,0.0,0.0,0.0,0.0,0.0,0.0,0.0,0.0,0.0
2011-07-03,0.0,0.0,0.0,0.0,0.0,0.0,0.0,0.0,0.0,0.0,0.0,0.0,0.0,0.0
2011-07-10,0.0,0.0,0.0,0.0,0.0,0.0,0.0,0.0,0.0,0.0,0.0,0.0,0.0,0.0
2011-07-17,0.0,0.0,0.0,0.0,0.0,0.0,0.0,0.0,0.0,0.0,0.0,0.0,0.0,0.0
2011-07-24,0.0,0.0,0.0,0.0,0.0,0.0,0.0,0.0,0.0,0.0,0.0,0.0,0.0,0.0
2011-07-31,0.0,0.0,0.0,0.0,0.0,0.0,0.0,0.0,0.0,0.0,0.0,0.0,0.0,0.0
2011-08-07,0.0,0.0,0.0,0.0,0.0,0.0,0.0,0.0,0.0,0.0,0.0,0.0,0.0,0.0
2011-08-14,0.0,0.0,0.0,0.0,0.0,0.0,0.0,0.0,0.0,0.0,0.0,0.0,0.0,0.0
2011-08-21,0.0,0.0,0.0,0.0,0.0,0.0,0.0,0.0,0.0,0.0,0.0,0.0,0.0,0.0
2011-08-28,0.0,0.0,0.0,0.0,0.0,0.0,0.0,0.0,0.0,0.0,0.0,0.0,0.0,0.0
2011-09-04,0.0,0.0,0.0,0.0,0.0,0.0,0.0,0.0,0.0,0.0,0.0,0.0,0.0,0.0
2011-09-11,0.0,0.0,0.0,0.0,0.0,0.0,0.0,0.0,0.0,0.0,0.0,0.0,0.0,0.0
2011-09-18,0.0,0.0,0.0,0.0,0.0,0.0,0.0,0.0,0.0,0.0,0.0,0.0,0.0,0.0
2011-09-25,0.0,0.0,0.0,0.0,0.0,0.0,0.0,0.0,0.0,0.0,0.0,0.0,0.0,0.0
2011-10-02,0.0,0.0,0.0,0.0,0.0,0.0,0.0,0.0,0.0,0.0,0.0,0.0,0.0,0.0
2011-10-09,0.0,0.0,0.0,0.0,0.0,0.0,0.0,0.0,0.0,0.0,0.0,0.0,0.0,0.0
2011-10-16,0.0,0.0,0.0,0.0,0.0,0.0,0.0,0.0,0.0,0.0,0.0,0.0,0.0,0.0
2011-10-23,0.0,0.0,0.0,0.0,0.0,0.0,0.0,0.0,0.0,0.0,0.0,0.0,0.0,0.0
2011-10-30,0.0,0.0,0.0,0.0,0.0,0.0,0.0,0.0,0.0,0.0,0.0,0.0,0.0,0.0
2011-11-06,0.0,0.0,0.0,0.0,0.0,0.0,0.0,0.0,0.0,0.0,0.0,0.0,0.0,0.0
2011-11-13,0.0,0.0,0.0,0.0,0.0,0.0,0.0,0.0,0.0,0.0,0.0,0.0,0.0,0.0
2011-11-20,0.0,0.0,0.0,0.0,0.0,0.0,0.0,0.0,0.0,0.0,0.0,0.0,0.0,0.0
2011-11-27,0.0,0.0,0.0,0.0,0.0,0.0,0.0,0.0,0.0,0.0,0.0,0.0,0.0,0.0
2011-12-04,0.0,0.0,0.0,0.0,0.0,0.0,0.0,0.0,0.0,0.0,0.0,0.0,0.0,0.0
2011-12-11,0.0,0.0,0.0,0.0,0.0,0.0,0.0,0.0,0.0,0.0,0.0,0.0,0.0,0.0
2011-12-18,0.0,0.0,0.0,0.0,0.0,0.0,0.0,0.0,0.0,0.0,0.0,0.0,0.0,0.0
2011-12-25,0.0,0.0,0.0,0.0,0.0,0.0,0.0,0.0,0.0,0.0,0.0,0.0,0.0,0.0
2012-01-01,0.0,0.0,0.0,0.0,0.0,0.0,0.0,0.0,0.0,0.0,0.0,0.0,0.0,0.0
2012-01-08,0.0,0.0,0.0,0.0,0.0,0.0,0.0,0.0,0.0,0.0,0.0,0.0,0.0,0.0
2012-01-15,0.0,0.0,0.0,0.0,0.0,0.0,0.0,0.0,0.0,0.0,0.0,0.0,0.0,0.0
2012-01-22,0.0,0.0,0.0,0.0,0.0,0.0,0.0,0.0,0.0,0.0,0.0,0.0,0.0,0.0
2012-01-29,0.0,0.0,0.0,0.0,0.0,0.0,0.0,0.0,0.0,0.0,0.0,0.0,0.0,0.0
2012-02-05,0.0,0.0,0.0,0.0,0.0,0.0,0.0,0.0,0.0,0.0,0.0,0.0,0.0,0.0
2012-02-12,0.0,0.0,0.0,0.0,0.0,0.0,0.0,0.0,0.0,0.0,0.0,0.0,0.0,0.0
2012-02-19,0.0,0.0,0.0,0.0,0.0,0.0,0.0,0.0,0.0,0.0,0.0,0.0,0.0,0.0
2012-02-26,0.0,0.0,0.0,0.0,0.0,0.0,0.0,0.0,0.0,0.0,0.0,0.0,0.0,0.0
2012-03-04,0.0,0.0,0.0,0.0,0.0,0.0,0.0,0.0,0.0,0.0,0.0,0.0,0.0,0.0
2012-03-11,0.0,0.0,0.0,0.0,0.0,0.0,0.0,0.0,0.0,0.0,0.0,0.0,0.0,0.0
2012-03-18,0.0,0.0,0.0,0.0,0.0,0.0,0.0,0.0,0.0,0.0,0.0,0.0,0.0,0.0
2012-03-25,0.0,0.0,0.0,0.0,0.0,0.0,0.0,0.0,0.0,0.0,0.0,0.0,0.0,0.0
2012-04-01,0.0,0.0,0.0,0.0,0.0,0.0,0.0,0.0,0.0,0.0,0.0,0.0,0.0,0.0
2012-04-08,0.0,0.0,0.0,0.0,0.0,0.0,0.0,0.0,0.0,0.0,0.0,0.0,0.0,0.0
2012-04-15,0.0,0.0,0.0,0.0,0.0,0.0,0.0,0.0,0.0,0.0,0.0,0.0,0.0,0.0
2012-04-22,0.0,0.0,0.0,0.0,0.0,0.0,0.0,0.0,0.0,0.0,0.0,0.0,0.0,0.0
2012-04-29,0.0,0.0,0.0,0.0,0.0,0.0,0.0,0.0,0.0,0.0,0.0,0.0,0.0,0.0
2012-05-06,0.0,0.0,0.0,0.0,0.0,0.0,0.0,0.0,0.0,0.0,0.0,0.0,0.0,0.0
2012-05-13,0.0,0.0,0.0,0.0,0.0,0.0,0.0,0.0,0.0,0.0,0.0,0.0,0.0,0.0
2012-05-20,0.0,0.0,0.0,0.0,0.0,0.0,0.0,0.0,0.0,0.0,0.0,0.0,0.0,0.0
2012-05-27,0.0,0.0,0.0,0.0,0.0,0.0,0.0,0.0,0.0,0.0,0.0,0.0,0.0,0.0
2012-06-03,0.0,0.0,0.0,0.0,0.0,0.0,0.0,0.0,0.0,0.0,0.0,0.0,0.0,0.0
2012-06-10,0.0,0.0,0.0,0.0,0.0,0.0,0.0,0.0,0.0,0.0,0.0,0.0,0.0,0.0
2012-06-17,0.0,0.0,0.0,0.0,0.0,0.0,0.0,0.0,0.0,0.0,0.0,0.0,0.0,0.0
2012-06-24,0.0,0.0,0.0,0.0,0.0,0.0,0.0,0.0,0.0,0.0,0.0,0.0,0.0,0.0
2012-07-01,0.0,0.0,0.0,0.0,0.0,0.0,0.0,0.0,0.0,0.0,0.0,0.0,0.0,0.0
2012-07-08,0.0,0.0,0.0,0.0,0.0,0.0,0.0,0.0,0.0,0.0,0.0,0.0,0.0,0.0
2012-07-15,0.0,0.0,0.0,0.0,0.0,0.0,0.0,0.0,0.0,0.0,0.0,0.0,0.0,0.0
2012-07-22,0.0,0.0,0.0,0.0,0.0,0.0,0.0,0.0,0.0,0.0,0.0,0.0,0.0,0.0
2012-07-29,0.0,0.0,0.0,0.0,0.0,0.0,0.0,0.0,0.0,0.0,0.0,0.0,0.0,0.0
2012-08-05,0.0,0.0,0.0,0.0,0.0,0.0,0.0,0.0,0.0,0.0,0.0,0.0,0.0,0.0
2012-08-12,0.0,0.0,0.0,0.0,0.0,0.0,0.0,0.0,0.0,0.0,0.0,0.0,0.0,0.0
2012-08-19,0.0,0.0,0.0,0.0,0.0,0.0,0.0,0.0,0.0,0.0,0.0,0.0,0.0,0.0
2012-08-26,0.0,0.0,0.0,0.0,0.0,0.0,0.0,0.0,0.0,0.0,0.0,0.0,0.0,0.0
2012-09-02,0.0,0.0,0.0,0.0,0.0,0.0,0.0,0.0,0.0,0.0,0.0,0.0,0.0,0.0
2012-09-09,0.0,0.0,0.0,0.0,0.0,0.0,0.0,0.0,0.0,0.0,0.0,0.0,0.0,0.0
2012-09-16,0.0,0.0,0.0,0.0,0.0,0.0,0.0,0.0,0.0,0.0,0.0,0.0,0.0,0.0
2012-09-23,0.0,0.0,0.0,0.0,0.0,0.0,0.0,0.0,0.0,0.0,0.0,0.0,0.0,0.0
2012-09-30,0.9194886746,0.5580023630445147,0.4838153803898392,0.4267814937852481,0.4310050809027887,0.4330924718457292,0.4150144863367473,0.4310050809027887,0.43306899219288253,0.41500850721160265,0.4950661891160356,0.4613975488816393,0.4395707867189511,0.8497871578003999
2012-10-07,0.7547953743000001,0.911821134645426,0.8853723730879304,0.4984020288877075,0.43248212458450097,0.51455858747476,0.5625928164958414,0.4323937131034721,0.5070091315485444,0.4860822896784451,0.8835146160305857,0.560304929387513,0.5260396084158178,0.9299826674704048
2012-10-14,0.8649748776,0.7822916959758004,0.4508429859065352,0.5349387517731425,0.5443756165188316,0.5713032266024071,0.5603057718917225,0.5449506365867473,0.5760495877657479,0.5685627519320516,0.5650521895079303,0.593479321456503,0.6012903530742766,0.9078998459670702
2012-10-21,0.863507728,0.8813898417825412,0.4342654545118883,0.4006500103233287,0.4615940845303231,0.5172336268171198,0.5198156962601703,0.439668354420296,0.5199370226977236,0.5197721902539247,0.47484813660379604,0.5009697791638144,0.546767387566255,0.8991829427420697
2012-10-28,0.8047874536,0.8765517931071201,0.5007894160401054,0.5282764425748432,0.5218887102114393,0.5851813969530878,0.5907022200848936,0.4869163474488468,0.5629588721032258,0.5567660521484383,0.5720249200259883,0.5994685217512548,0.6000814314445412,0.8858170244637356
2012-11-04,0.9230369215,0.8273091207887056,0.6321784348139114,0.6896549305040216,0.5621164997290324,0.6198433797517997,0.6175092839362974,0.5621262569140099,0.6198433797517997,0.6175092839362974,0.6642339334748487,0.7329909829858854,0.647196995903446,0.8619908223154007
2012-11-11,0.9713354164,0.9118216756852296,0.7742019211352975,0.8083837309744996,0.6731574764993784,0.7356965331500341,0.7356965331500341,0.6731574764993784,0.7356965331500341,0.7356965331500341,0.8044175695840494,0.8373157995788338,0.7636177889808795,1.1351204566987505
2012-11-18,1.6437007874,0.8882966342910443,0.8819872730625313,0.8834124712383339,0.8414986647887415,0.8620449683944309,0.8620449683944309,0.8414986647887415,0.8620449683944309,0.8620449683944309,0.893572502658768,0.8978134607686525,0.8751165508965785,1.2478590717420903
2012-11-25,1.6206977841,1.5318690430767619,1.3808466034143063,1.3474388777582962,0.9770566783255994,1.171298705798896,1.171298705798896,0.9770566783255994,1.171298705798896,1.171298705798896,1.4448906289424843,1.393293894864446,1.2237335332913262,1.6622025383704482
2012-12-02,2.2743110548,1.5038039704823456,1.6704090366651454,1.817724879172812,1.3887185469411178,1.462622097847598,1.4600603111898636,1.3887185469411178,1.462622097847598,1.4600603111898636,1.6541998829029037,1.8351511183795912,1.4802307921426112,2.18696011251548
2012-12-09,2.9977911013,2.0855826267366653,2.310599718274724,2.4736501777799904,1.967050897833556,2.077559700352704,2.080663034389199,1.967050897833556,2.077559700352704,2.080663034389199,2.3165835689755716,2.5413399439348705,2.1348050209982268,2.5763151232321686
2012-12-16,4.8724753059,2.770643463119502,3.3971436797503034,3.528766428068041,2.706428416997186,2.8880144915948485,2.91348082622012,2.706428416997186,2.8880144915948485,2.91348082622012,3.5269828553451914,3.6624089353873903,3.0552177425492104,3.4259226242288863
2012-12-23,5.3116662624,4.892979407716533,5.025880135057876,5.073383554977421,4.121248451930214,5.147802094370738,4.923352905622473,5.793623348159291,5.147802094370738,4.923352905622473,5.033530085742903,5.387452483668362,6.041907198200366,4.482411295098949
2012-12-30,3.6794315041,5.484686837907648,4.532594006057713,4.5585575282220745,4.54531747828864,4.773792096228017,4.637473744968829,4.633595180114348,4.740911946696727,4.707648413306418,4.672079427343419,4.638631939563958,4.777158573471566,4.724160077872296
2013-01-06,2.8958681634,3.4469305048574164,6.575390218822878,6.813039791994985,5.343092591048469,6.830495953088776,4.5131084141985145,5.351860576453417,6.882741529713793,5.3664322723899005,6.857126456087732,6.632166398105238,7.055251078694988,5.46335347135234
2013-01-13,3.0058515553,2.6431996394530985,3.758887865613781,3.1177694316092484,3.274993130362091,3.4961031497368174,3.602105733959749,3.179384682893173,3.138048041086888,3.6033080561544817,3.6283696597022472,2.9395763285701,3.13652565945537,5.715562537995687
2013-01-20,2.6512809946,2.7540732977841915,3.14417680301179,3.309673299124368,3.0894267730678218,2.9921826403866314,2.9965406532470773,3.1401047782629847,3.096722908460206,2.996531866916302,3.1411286549674906,3.2574398255036483,3.090828798199408,4.384200852097276
2013-01-27,2.0259704943,2.3539496049629527,2.272919011244132,2.4660442459586367,2.6012095137324653,2.6615732183919567,2.5698015202544067,2.6149249963241203,2.559099530075041,2.5896587631297265,2.282437254131679,2.4233383947018137,2.4779055421263694,3.1853360952188714
2013-02-03,1.6852307247,1.72955438490655,1.8340869036703091,1.862721344797224,2.006148653865079,2.0760337673473717,2.0428157849265585,2.079306947266714,2.0759742543161246,2.042829905043222,1.8174702063376942,1.8822339729511437,1.9487394699266012,2.4368446716321603
2013-02-10,1.5081286752,1.4087841924078308,1.6232050066957338,1.5717643798783556,1.7320571795003783,1.7752241338995938,1.7906331406672225,1.7025508102027356,1.7751949794296862,1.7906471494109455,1.6962330190620296,1.6690850695184558,1.6445132378180705,2.0166899361871358
2013-02-17,2.1196827686,1.3074295188303455,1.5899969056214884,1.4978346094109685,1.6023435092813254,1.584209827918849,1.6447663545068714,1.6210597603817287,1.540578654219683,1.5972193358321003,1.5108771250110329,1.4806673839507734,1.544025333604394,2.02482571253047
2013-02-24,1.5857866530000002,1.9528132270176504,1.5251926445841832,1.5465183961618991,1.5545493811179771,1.7643106981616,1.7150669583395683,1.53199270054541,1.764292730667484,1.7150669583395683,1.504622851802432,1.863860292023676,1.7440393633537434,1.851068774912126
2013-03-03,1.1089043363,1.4548196430882432,1.6803344167749468,1.530881726929164,1.540880475896051,1.5374993273732134,1.5375012407742301,1.540880475896051,1.5374993273732134,1.5375012407742301,1.5432425675012258,1.5141884354487811,1.5251227219980363,1.609901119020445
2013-03-10,1.1789924973,1.0546354285210149,1.4577486266232471,1.390240266364123,1.4862557272283117,1.3945443527781507,1.394545771971468,1.4862557272283117,1.3945443527781507,1.394545771971468,1.4317951416679464,1.2878732293896609,1.4026575703414057,1.3635033211937635
2013-03-17,0.8232711306,1.0354930646675191,1.2594097174686982,1.1941023079012263,1.2963935937650946,1.2658700415947597,1.2527937590698028,1.2963935937650946,1.2658700415947597,1.2527937590698028,0.8679973898859443,1.1081672451145046,1.2577337438338738,1.246696817978757
2013-03-24,0.8668453976999999,0.5179459707602576,1.0490448671404369,0.7488393181142979,0.9002214539172022,0.9062735749086036,0.8322628498236209,0.8377346720600611,0.9062643955713724,0.8296314115907323,1.0178468864409569,0.7132561342823935,0.7061181999802031,1.1264035534737498
2013-03-31,0.8813559322,0.6028719188230842,0.17769786783397926,0.4164412765127024,0.3969463786388208,0.5821627805855711,0.5328262018016389,0.4319367766554742,0.4521523140324988,0.4495879762952899,0.15789490373709236,0.4058305461703491,0.4460729527079449,1.0508570588570787
2013-04-07,0.625,0.6983630539571343,0.3473044942008652,0.3572787718804365,0.3087466284156469,0.4614742235114191,0.459314717910068,0.32915982523699244,0.3941792181012733,0.3986482640966,0.4253591618079316,0.39908770123805537,0.4741648711519249,0.7783085513553958
2013-04-14,0.4960793727,0.4793587910240818,0.5736080675956775,0.2835773511757672,0.3125697850160218,0.4046951695005465,0.3819068470309678,0.3163152247073477,0.38824951410842296,0.3517117740061345,0.43092026238545056,0.471897645189757,0.4777370822205525,0.5632916051387165
2013-04-21,0.4282655246,0.2095340067959588,0.2126159696179043,0.1067077721198223,0.23272627953415706,0.2316972463155095,0.2355250894474522,0.16035541491522565,0.23290824145184186,0.19196755978864044,0.3579377802454376,0.2992778282874443,0.3404963611960349,0.4889073642853786
2013-04-28,0.3843525794,0.1763212885597618,0.14231234501599022,0.2369704757193261,0.24013108433541785,0.28018942327694163,0.28656351489849474,0.22750581033977235,0.22828184083592676,0.28656665722741514,0.3505953378550601,0.2954213790371335,0.32937290734440483,0.3965081901003732
2013-05-05,0.3585434174,0.2765163548950098,0.23433057139167024,0.16105442718627327,0.10799468617865936,0.16271401606471406,0.20520448069816166,0.0982044513101974,0.1559499798804893,0.20520448069816166,0.2469847337223131,0.15710669803058774,0.20081475795669115,0.3540859277387041
2013-05-12,0.1881467545,0.4322874287024128,0.3077243716439377,0.26410882643686384,0.22541881281052126,0.2610596912422283,0.2610639686507833,0.22541881281052126,0.2610596912422283,0.2610639686507833,0.25869216535423845,0.20417298126177372,0.2342972598649983,0.3012033815070342
2013-05-19,0.32599837,0.1890592034172669,0.17470048997246526,0.1443651102666027,0.1814605559336565,0.178713770809228,0.17871536154852186,0.1814605559336565,0.178713770809228,0.17871536154852186,0.1322983438941122,0.1587564842038609,0.11890925009747465,0.2494830890386979
2013-05-26,0.5279291553000001,0.1485258538943871,0.18943423987501085,0.16491492311882938,0.13990100938222716,0.16946528866734967,0.18159552251479616,0.13990100938222716,0.16946528866734967,0.18159552251479616,0.17650494589862886,0.18560703800522613,0.14391312481616236,0.1826534976470272
2013-06-02,0.2694271129,0.4768130693790737,0.18993408886986973,0.18412287269131533,0.07301818713726392,0.1827577283969073,0.17659375303627156,0.07321908198247684,0.18279587077951964,0.17659375303627156,0.2982139315329841,0.25672298251958403,0.18892511858552108,0.13790672775869126
2013-06-09,0.2455228192,0.06619174273210504,0.12159731009870135,0.10669340880359868,0.09480233593335696,0.12819320018901015,0.11660149678407085,0.09510035856242303,0.1280907824293993,0.11920647885093938,0.13152319410724822,0.15012302034852,0.13644886872101505,0.11989179442702347
2013-06-16,0.3962637985,0.1560426055481141,-0.09726920815208027,0.003382187174970519,-0.05904567536422911,0.037761250519751884,0.029669356455532588,0.003694399644953439,0.01948435681158267,0.014202826533597612,-0.14245000756148585,0.0913574695986008,0.061749559557781726,0.1483670116286918
2013-06-23,0.3185136032,0.3466502979638945,0.5737132788320501,0.10732426794026008,0.06447248824467232,0.07070885280979168,0.07440783827915576,0.025393407408913268,0.07776130275834002,0.08210819067545228,0.5844400547393135,0.14659529060784715,0.11274829510796867,0.11524277937368987
2013-06-30,0.1294857566,0.28274805572730344,0.13031507083124585,0.2264921905086331,0.16702714908303284,0.1977067673759526,0.20049752262904907,0.18917556734430366,0.1993768022037368,0.1993842300840913,0.20763546015866466,0.2570631091527533,0.2554371520376397,0.10071460733202237
2013-07-07,0.32843067260000003,0.12149835396496778,0.08153704532331263,0.03573154683960211,0.04991144062796715,0.016194687574947797,0.05053609630115996,0.04575040277470821,0.0303064330052214,0.038435292724408265,0.10302722056722446,0.10644658530462857,0.1149639296913737,0.11117489120202297
2013-07-14,0.08595988539999999,0.363296322919708,0.17957275342542378,0.13250044803424044,0.05437072577827928,0.10413304353341067,0.1386597287925212,0.05367130936967834,0.10412029463709448,0.13865862288586173,0.15101694406966515,0.16407909781121374,0.14767711481908294,0.07165826324868729
2013-07-21,0.1805054152,0.2041627358285194,0.05663225853995901,0.1017089913004301,0.12298743325729222,0.09546174169805832,0.09543944453713248,0.12298743325729222,0.09546174169805832,0.09543944453713248,0.05634457637923351,0.12646599948899495,0.057607839890247085,0.13325771270535758
2013-07-28,0.3740468997,0.27218625100744176,0.07313789782296133,0.08743176400082077,0.08063843798938775,0.09418009335063016,0.09415994735618904,0.08063843798938775,0.09418009335063016,0.09415994735618904,0.08960273181968859,0.03357200691915585,0.03825211195207656,-0.00911837330298415
2013-08-04,0.1265111049,0.4240828843199393,0.09876818453729286,0.12134747545481805,0.039485015751242636,0.10024440798435663,0.11556310888355205,0.039485015751242636,0.10024440798435663,0.11556310888355205,0.12263098114533046,0.1984424616222683,0.08567848532405653,0.0007607836853497639
2013-08-11,0.30981551890000003,0.1970328438753326,0.3342927115053112,0.11382564215116098,0.04990609892282527,0.03337755376905882,0.0696181168409542,0.049909570231914564,0.03336681672770092,0.0696181168409542,0.3224912635286337,0.12182233060429914,0.07904528781940401,0.0681715019586871
2013-08-18,0.2754820937,0.39094066406538897,0.1879475409200022,0.1889731992230804,0.15261623541438166,0.13278004616178707,0.17445230969506784,0.13572004622290526,0.13291466449449318,0.16675191614034446,0.3746348522779709,0.20206393920527374,0.17166781402607478,0.11408052561035648
2013-08-25,0.299834574,0.3450303071997699,0.5607170494627883,0.2828460258519119,0.3406389641055744,0.17320159041685346,0.2492410208817285,0.3043709658812737,0.2803884927749123,0.23665816146333485,0.5285113394357009,0.305204724809552,0.3260091269180271,0.09839009980535553
2013-09-01,0.3645964295,0.38689472599818253,0.9939077343349808,0.4000385424338714,0.4428713868670045,0.3102262922756641,0.4415793699680506,0.4324709362327032,0.29521419497534906,0.3921541819027957,0.9363617099604048,0.39811620230396333,0.3582946646351187,0.1861402589370274
2013-09-08,0.3227194492,0.4226569398362979,0.5532955355646594,0.4490532811629837,0.3544503353805164,0.32005465095047425,0.4170263377435092,0.4924158981159689,0.45027694273834745,0.4690985249304225,0.5051973682339601,0.40725808646749295,0.3065787889638845,0.2442529471036975
2013-09-15,0.2474412327,0.3968851411624846,0.20733973269609351,0.4482617853836702,0.34315755217122873,0.35131775202639803,0.4493737733194056,0.3895042455483725,0.35796495647341764,0.445779905176873,0.3196239455943252,0.33067631062687125,0.3291639589507868,0.2227512524820296
2013-09-22,0.7236431690999999,0.3305408802103362,0.576536447604053,0.39432918247011545,0.3375872175626881,0.29696547060377865,0.42261155363300656,0.3378873475473689,0.2955222261370012,0.4225931106940748,0.3815666302862041,0.32964060755313784,0.3420359077772228,0.2459963277486976
2013-09-29,0.4789111074,0.7448225825334391,0.4888855497037914,0.4518180376388518,0.3606055035488068,0.4479772407212251,0.447970660061252,0.3606055035488068,0.4479772407212251,0.447970660061252,0.4916965804571176,0.5945413317669774,0.43641763396237176,0.2826073212936998
2013-10-06,0.646813098,0.5303088174293679,0.39025656209650206,0.4095539275386326,0.3845828963523785,0.4146660676516276,0.41466297822559856,0.3845828963523785,0.4146660676516276,0.41466297822559856,0.2809947687999249,0.4829166833645317,0.37130723643225305,0.2878374632287001
2013-10-13,0.5253232759,0.7041083313644876,0.4420121565472375,0.457605105494734,0.3532461334129131,0.4219264259494542,0.516950471021151,0.3532461334129131,0.4219264259494542,0.516950471021151,0.6422092698044799,0.4731914681995286,0.4055524036459864,0.2698225298970324
2013-10-20,0.5414151472,0.5921758435257558,0.5959416418613532,0.4940509119094964,0.3949097001196123,0.412190508860904,0.5167581511387159,0.3983985368816401,0.4121832141250541,0.5167469566522862,0.6796118508961684,0.5365552001194283,0.4882697266863609,0.2715659105420325
2013-10-27,0.5658655309,0.6338919850796478,0.7332017763722509,0.5240922104476615,0.4625714296152671,0.4755845987216801,0.5732447300762271,0.4700015179644567,0.4791307068385512,0.5806158770054825,0.7493551368223266,0.5278957249636229,0.5173150373230605,0.28376957505703315
2013-11-03,0.6846922378,0.5859240538143394,0.8364377788247486,0.4322377960914266,0.4405263067470754,0.4838531408556397,0.5481214870982973,0.454786260852406,0.4387716285004109,0.4756532144069607,0.826191045269755,0.4433211807376442,0.450409849560193,0.4168476309587077
2013-11-10,0.7121303561,0.7320336188219686,0.8310611297786629,0.4565764604305409,0.6005210077489942,0.6267916367105817,0.6437401035743691,0.4984038051128241,0.4809939795011988,0.4957523349342452,0.8242777585311335,0.5515080286934722,0.5086605433991354,0.3802366374137056
2013-11-17,0.6839094753,0.7904050836000703,0.403017100952144,0.5864381410745909,0.6251634326239495,0.5763937775598085,0.5831941577882116,0.6290652462415742,0.6312050083375016,0.6075260516386161,0.4085798497695503,0.6157029751032597,0.5989197553880831,0.4319569298820419
2013-11-24,0.9772296015,0.7383074124433645,0.8263419370268675,0.6137404849409065,0.7487444287329643,0.6411477359131681,0.7139346431752047,0.7164016120177623,0.6718973074642469,0.6453441778696473,0.7798812881305606,0.6261823813562285,0.6321897088215159,0.3488557858037037
2013-12-01,0.7760989011,0.9908582854953224,1.0700713657036551,0.8947169082830349,1.0371250963734246,0.9472379350975716,0.8302768535422029,1.0709154606257285,1.035175441090323,0.8304463373130284,0.8262372250344556,0.7839000133864701,0.7833881657398413,0.4801904610603781
2013-12-08,0.81769437,0.7857057005658064,0.8766234477351691,0.775428114366062,0.7771939002570641,0.7750014721917767,0.7751416357064782,0.7771939002570641,0.7750014721917767,0.7751416357064782,0.8489231639834048,0.7830720123361332,0.7830691589270266,0.5295862460020477
2013-12-15,0.9489916963,0.8198694111043442,1.1863674450076027,1.1081524921512722,1.247255839052195,1.1081468717610534,1.1081468717610534,1.247255839052195,1.1081468717610534,1.1081468717610534,1.1501661277913149,1.106456648809862,1.150878084244572,1.0078536696137428
2013-12-22,1.9045625785,0.976759068213494,1.8504502036207693,1.8569661125822825,2.2901547436699614,1.909645995445674,1.968236042895947,2.3576619632179945,1.909645995445674,1.968235827435208,1.9318469862033552,2.241063874133843,1.7830517745385166,1.4849588394621045
2013-12-29,2.3102948284,2.0066724434065173,2.5161213606309514,2.506976283904839,2.392561330399439,2.244458480355487,2.1842411211744333,2.4041680905505163,2.2444375655939113,2.1841356204493123,2.4653306267636546,2.5046765927682157,2.457617418486659,1.7923749598637893
2014-01-05,1.8379850238,2.3695737299167536,2.132840074491342,1.9294320042799729,1.7266884374445168,1.9189618318244943,1.8364357644901408,1.7524314887006212,1.9188888340482892,1.7420136239737314,2.1075382726341485,1.9325404435847755,1.8680020562576207,1.6627836652521149
2014-01-12,1.6937592361000002,1.880767678984024,1.678948806640853,1.7615637023377293,1.533843118157484,1.5925284317792625,1.6105422047612041,1.5526885572973341,1.595313410568442,1.5608786910153452,1.6385637278076457,1.734911309318249,1.6855803781323884,1.5930484394521107
2014-01-19,1.833460657,1.7410478939577299,1.7073850618255486,1.6181418258675346,1.7290900422763942,1.7183110315102827,1.7524001867948782,1.5450205675696609,1.5901581924862669,1.541824965361982,1.6652693917866281,1.7208332126471475,1.6206723472712037,1.4710117943021035
2014-01-26,1.7157367374,1.831709213379575,1.6033615925872833,1.4558038707107457,1.5572763070044933,1.6460588917179426,1.5948563119841523,1.3712107108163214,1.5474885405892818,1.4893033390593635,1.5902666691019554,1.5650166238590677,1.544323711456469,0.9997178932704088
2014-02-02,1.2178245226,1.6647256051789006,1.6397729456285577,1.24384403682635,1.2726986529403093,1.3540472211371248,1.3660819674706142,1.2246380552527842,1.2892482206288107,1.1838328868194496,1.6287857892142137,1.2395695360414796,1.2507490474950047,0.9078998459670702
2014-02-09,1.2954010165,1.1912427069695979,0.7834878077638263,0.8888607796086789,0.8151394873876581,0.8008002439767377,0.7527437784464734,0.8858822481697283,0.9159811586075192,0.8369513693399926,0.7891469146982211,0.8630452475419159,0.8352386838853743,0.6760302201820564
2014-02-16,0.9769094139,1.232640011946847,1.0456492768910288,1.107142934893082,1.0238205897163866,1.1152017042436615,1.0725285027067637,1.0238205897163866,1.1152017042436615,1.0725285027067637,1.0716559469932632,1.1069255103364004,1.1134679392147624,0.6487172567437215
2014-02-23,1.1266581864,0.96303077605667,1.0014421110290423,0.9595486694603054,0.9226770323965834,0.9607059123965882,0.9175958085095934,0.9226770323965834,0.9607059123965882,0.9175958085095934,0.9961272394729596,0.9378969568535244,0.9605401921423348,0.7265882588870594
2014-03-02,0.9956709957,1.1069943405275968,0.8687005123422402,0.8246159124252049,0.8053225207556757,0.8903250605790826,0.8690151945436378,0.8053225207556757,0.8903250605790826,0.8690151945436378,0.8668924429176013,0.8643627297905403,0.8932386921355091,0.6138496438437194
2014-03-09,0.7962621743000001,0.9781034270570476,0.6377940794463097,0.7106997905995955,0.691077799225244,0.7696130272564288,0.7822149417790634,0.691077702553532,0.7696092028232038,0.7822149417790634,0.6685062665234816,0.7500707916939868,0.790923051185338,0.4604321470837103
2014-03-16,0.7159747767,0.8121722984762367,0.7292565050580107,0.6500327317846933,0.6243945601388323,0.6409620214694409,0.6320470563440668,0.6243932933268598,0.6700299965280689,0.6320083438664643,0.7154877178698923,0.6445074552755943,0.6771846037044009,0.4133608696687076
2014-03-23,0.7185861332,0.7230783122025451,0.4320305731320445,0.5651734127403018,0.349257573199348,0.44111526447610216,0.5687907992129941,0.5602770563856532,0.5773293272239717,0.5688036000121611,0.37122435018122457,0.5788206885832641,0.6645743089616851,0.408711854615374
2014-03-30,0.7171101133,0.7210777294255247,0.654967491195511,0.4325610460752785,0.4603683374302449,0.5152521166901687,0.5027962145721263,0.4603638977626109,0.4606478929700834,0.5027992476929652,0.6818113306373871,0.4506407537331584,0.4790055092806732,0.44939073633204296
2014-04-06,0.7501733594,0.7025776348200645,0.44494567723162826,0.4174494886206174,0.4247172572727329,0.3743154439958248,0.4645598454403767,0.42471354064552,0.4734275349562626,0.4645882122853034,0.4447835846515728,0.4353021457306263,0.4696771855248028,0.4307946761187086
2014-04-13,0.5809834207,0.7244291850720996,0.7514724032001179,0.4765673272143122,0.4501050357006608,0.5406155441653184,0.4932139890459791,0.4501540254685136,0.5203958492876164,0.472423342046002,0.7629390737850631,0.5003378387667958,0.5292781620511972,0.3802366374137056
2014-04-20,0.5923494147999999,0.5808795270549596,0.4978486114192632,0.4787069930064671,0.4389334120644566,0.5980934049682439,0.4358389786967505,0.43893355076391816,0.5980923006504757,0.4358081289750634,0.4384441246771795,0.4970093929490483,0.5410796353243222,0.3517614202120372
2014-04-27,0.5718422005,0.5915970010015683,0.4296506393127833,0.4961651966061525,0.4958293533977842,0.5232671936357283,0.4950482876533982,0.495827014508065,0.5232666527451829,0.4950478098781203,0.4260259864170458,0.5047707991848621,0.5196849852133458,0.262849007317032
2014-05-04,0.4327269813,0.6322370719942483,0.4908412852750266,0.4767377996504161,0.42935026037482943,0.4925154053723542,0.4766598967328349,0.42935026037482943,0.4925154053723542,0.4766598967328349,0.4939922315373295,0.484641384575187,0.4963363355354178,0.3273540911820357
2014-05-11,0.250604135,0.5158414071039591,0.5653483983167495,0.398268102272315,0.3715961073260935,0.4122149975869399,0.39661665687624026,0.3715961073260935,0.4122149975869399,0.39661665687624026,0.5739745560652505,0.4041359266484378,0.4151117880670445,0.23088702882536336
2014-05-18,0.3218020917,0.2497011064492615,0.3415315691259857,0.2973000086027706,0.31174859357881035,0.3061592087170541,0.259186804969868,0.31174859357881035,0.3061592087170541,0.259186804969868,0.3354014116413919,0.2954531080294633,0.30485382954042994,0.19892505033369484
2014-05-25,0.3674359858,0.3625980193611244,0.4046979932535796,0.3129606941689493,0.2920316853757873,0.31515031305236474,0.2762825395924561,0.2920316853757873,0.3151518451513953,0.2762822869961864,0.3955215806108101,0.311868969326732,0.3124803154524073,0.2738904180686993
2014-06-01,0.4363880497,0.39261282007681264,0.2762866766991961,0.2314272795773041,0.19173331717869532,0.2253256944476424,0.20522174416575045,0.19170103062533891,0.21863098923588709,0.20523186941441893,0.2632517589516572,0.22354689725649654,0.22188825483534247,0.20124955786036164
2014-06-08,0.2483069977,0.4640805703977308,0.18676408317831686,0.1739400995038648,0.15877536275057602,0.15562855266964493,0.18248827822552627,0.15871115588294493,0.15380627593768248,0.18400007287896392,0.17639253598077675,0.17875747685841692,0.16160501848455955,0.19137040087202767
2014-06-15,0.236380009,0.29019176322731544,0.1032163123061386,0.18186376264204407,0.19289237722036945,0.15235190231152596,0.1745539278399354,0.1928666176816141,0.1542997367983392,0.17616093416323098,0.09560447797488457,0.1883191210299716,0.16066286454562514,0.10768812991202276
2014-06-22,0.260210431,0.30988060207570445,0.1463061738733571,0.2461414338566085,0.2095648619367916,0.2592558246714186,0.1924980120459847,0.2096787870848004,0.2518679007089595,0.1947394916573877,0.1457960447418869,0.2507383810621473,0.26296935734326643,0.029236000887018113
2014-06-29,0.3170227429,0.3046072004351611,0.196869641344398,0.2603161535386113,0.2676564816315825,0.2287624669238736,0.23170549205975755,0.26764981610506233,0.228763277949125,0.2317027346403554,0.2324927534329401,0.26657468256093964,0.2649588376419155,0.089673196580355
2014-07-06,0.2267844354,0.3613836727576575,0.2803498008300304,0.2783105786991855,0.18049855761901112,0.2156102445508432,0.1988053645894093,0.18048523318741092,0.2002397768478139,0.19597957686645573,0.2823641614681545,0.28619163194285746,0.2291409687979133,0.1303520782970241
2014-07-13,0.2194586686,0.2802885475471281,0.16578649206467932,0.2064065915263199,0.1566380012455466,0.10709075452685833,0.14232477831346446,0.15662722829818165,0.10709277904292867,0.14233691892536038,0.1124230370272058,0.20670525221273808,0.11929017197472502,0.16696307184202624
2014-07-20,0.3109524358,0.3446116493800482,0.2297533511304393,0.1853567134965517,0.191902067827052,0.1695015075936973,0.20934688652319464,0.191902067827052,0.1695015075936973,0.20934688652319464,0.2274087978771935,0.1877810118040216,0.17406376814042235,0.06410361378702017
2014-07-27,0.28713418,0.42756720570217854,0.2475014606219733,0.21843023628075275,0.2037970004981132,0.19406008743586745,0.236113308681998,0.2037970004981132,0.19406008743586745,0.236113308681998,0.2511779708166976,0.2245779237814244,0.2008237296665132,0.0681715019586871
2014-08-03,0.2347969007,0.3673550880806038,0.19788176175254715,0.23433059620927574,0.21990479491466675,0.1721358381295146,0.2205702333461057,0.21990479491466675,0.1721358381295146,0.2205702333461057,0.20082552855464494,0.24074678261592075,0.18872514005908336,0.1419746159303581
2014-08-10,0.2419257288,0.3127524560282875,0.15923256449986944,0.2062218400918848,0.1807729898704017,0.17037443587756573,0.1725251331816714,0.1807724501040864,0.1703745196773614,0.1725251331816714,0.15784377149718765,0.21002937836509505,0.17963285417772826,0.11001263743868957
2014-08-17,0.1981942303,0.33156422066204994,0.12993024748461168,0.17586109205314282,0.13516003217235228,0.16485369451297038,0.1305394269806459,0.135135551277494,0.16486166672047808,0.1305416928603964,0.13209046662563007,0.17786633565914767,0.17310801835154388,0.18497800517369398
2014-08-24,0.2581311306,0.3002975270101047,0.4459005566666997,0.365108322158193,0.3501617718843224,0.33754639946294074,0.31609449288559033,0.3501587849298414,0.34443224801801003,0.3297855441821481,0.4444772084191464,0.3647097948487922,0.323323699029348,0.19369490839869447
2014-08-31,0.4160039153,0.3574812284986266,0.4291383823941716,0.5290147522450998,0.5008667155003435,0.5141028275880932,0.4684579782580588,0.5008834341778217,0.5245328698911916,0.4837214812565483,0.4296793082129821,0.5334935939613941,0.5224840711546813,0.3668707191353714
2014-09-07,0.4003481288,0.5115633252716733,0.6218627641332181,0.7860035037238795,0.7296089902509086,0.6689404205976544,0.7175171776439201,0.7293740018932445,0.6688924363147946,0.7173867171819777,0.5877057004397843,0.8096205331275306,0.7759619897677601,0.24483407398536414
2014-09-14,0.4462625511,0.5015331023891819,0.5391213871533483,0.6870009453158409,0.6790276435246412,0.6719597844197516,0.6289136638944375,0.6896953211191248,0.6928993996439348,0.6535908494004257,0.5013964787985503,0.6671330510239256,0.6859285605839733,0.3668707191353714
2014-09-21,0.1641736592,0.5549585775422425,0.5332171935054286,0.4956641877576803,0.4457548008643724,0.4636761245237131,0.4775039120655306,0.4607383931696136,0.4498700132389529,0.4575098455778258,0.5285424648561197,0.4786813941952131,0.4424262595480154,0.29771662021703404
2014-09-28,0.3927344134,0.29879767278010305,0.3435505626825648,0.5083375727353101,0.5068290012717895,0.4804934052375688,0.4680889615368432,0.5534571520824243,0.5132101237857494,0.4850017115488612,0.3971452011330441,0.4787700707247968,0.4865572196883057,0.3279352180637025
2014-10-05,0.5761207867,0.48155148973747997,0.4800905333386705,0.544336858656634,0.5202287962872592,0.508971711403476,0.5035987014246839,0.5202287962872592,0.508971711403476,0.5035987014246839,0.457008196140775,0.5261149447112257,0.4981814857109542,0.40464396644370704
2014-10-12,0.4933703361,0.6406082981320047,0.5996107936241961,0.6184036001569306,0.580935732018272,0.596955293190621,0.5956224315849684,0.580935732018272,0.596955293190621,0.5956224315849684,0.5923164741811298,0.6132193610619314,0.5907511153062717,0.5958347105120516
2014-10-19,0.6059536416,0.5985329298867672,0.7033949140020621,0.6627626519939707,0.6225308110412077,0.683134906180468,0.6047627098808196,0.6225308110412077,0.683134906180468,0.6047627098808196,0.7031018040579661,0.6574560015393052,0.6509377228955467,0.4691490503087108
2014-10-26,0.5347593583,0.7271756570469685,0.6265187414697518,0.6614793778612997,0.5875598297780175,0.6591072817449473,0.6244435401593726,0.5875598297780175,0.6591072817449473,0.6244435401593726,0.6276939396671044,0.6563030653147504,0.6554871799398672,0.6272155621220535
2014-11-02,0.5514919308,0.6795867935257154,0.5859493583259467,0.7237032835545569,0.6432655503505953,0.6898167933869821,0.6676104714942132,0.6432656987312668,0.6898154101912313,0.6676264233764373,0.5838807738729154,0.7208524531123598,0.681420195653365,0.4650811621370439
2014-11-09,0.6268436578000001,0.6747320272644648,0.8435594792855055,0.8259913524668623,0.7411236762970903,0.7721655262404171,0.7484647278377147,0.7411351974886922,0.7842139262706145,0.7484956273177852,0.8057408220134221,0.8094746209705279,0.7594975696645396,0.4511341169770431
2014-11-16,0.4873814929,0.7100765567214873,0.8878247062185898,0.9049052515708544,0.8651501692280376,0.8771743190190112,0.8611832317882574,0.8651263085057554,0.8771681288937683,0.8611682874999794,0.9241317663365636,0.8875877923383131,0.883984347665018,0.5104090589070466
2014-11-23,0.5786741554,0.5823672923230895,1.4863980440966824,1.4898026469560048,1.6022492160872792,1.5753323230090328,1.4779816060240047,1.6022460610447948,1.4808108583067048,1.4834343465126545,1.4440472355409375,1.4709396408216178,1.460452307893522,0.8213119405987317
2014-11-30,1.0367853796,0.6982936515019798,1.3420678478836825,1.6381730252042648,1.9711175408394408,1.6197132936377607,1.5607994376476535,1.9711141621366182,1.6837284230771383,1.5608089533714926,1.341729024873732,1.472458691501804,1.4947127048412727,1.0438835362770782
2014-12-07,1.9794229479,1.1175991490855046,3.400162532474252,3.0241220412082517,4.413515604731796,3.433589606451952,3.06670173287471,4.485292448173843,3.2343702165753463,3.0667783472451036,3.325006940804537,2.6613897611608617,2.761028189262963,2.0614367060754715
2014-12-14,3.3564885965,1.9697436988371773,3.677022785737343,3.682868592684153,5.5603354018154105,3.895356302141912,3.9722003754700905,4.031877892249325,3.8953271034937074,3.972145089188564,3.591678148934324,3.4053646016109638,3.614036591416996,3.304467105960545
2014-12-21,6.9647176579,2.9768714610882316,4.500650350990339,4.554319922952957,5.61448870594967,4.748940605530659,4.809914528869375,4.777120127186632,4.748936137505037,4.81162236358449,4.444072789179653,4.59386711559003,4.690698552014165,4.811329110122301
2014-12-28,4.9656673924,5.391566984896822,4.790510370475278,5.563744155979898,4.252659810422808,5.757125826337063,5.822080142634454,5.5900224376639605,5.757120911850524,5.822175786056642,4.802757932671218,5.656664908702419,5.8006378568751265,3.723459587642236
2015-01-04,3.4317580611,4.343719244271417,2.70690110387812,3.5271335653450464,2.8025588276984457,3.4694685491457915,3.4634113508271933,2.8025588276984457,3.4695346898326718,3.463478878064537,2.525792958535096,3.5818146058244493,3.4563019238792725,2.4106939619571595
2015-01-11,2.3977433004,3.0329907234296143,1.8743416751472752,2.1698458023604843,1.8120902860812127,2.2840346173560526,2.283215083128089,1.8120902860812127,2.2847415578343147,2.283207207598064,1.7810658160993014,2.1444530394325323,2.198138624688013,1.4117368523721001
2015-01-18,1.8613915791,2.0552776511690536,2.2291523157091238,1.8233166173516024,1.7879869369835797,1.8006439772964231,1.8375669257348464,1.7879450920804436,1.7841865130215375,1.8373640575415828,2.266497939629944,1.7805647307557877,1.85386680770226,1.2013689212087542
2015-01-25,1.5306122449,1.5930503686020514,1.8191047016277009,1.5951898947689478,1.5232295058146992,1.4918748168428877,1.5542329676024744,1.5232262290737464,1.508572008976135,1.5542103937329632,1.761849118202862,1.6436622284132052,1.5230167948736717,0.8689643448954012
2015-02-01,1.2093023256,1.3705502041190212,1.2176887634484987,1.2687874438654747,1.1152512120496656,1.1519292247320243,1.1524594035567306,1.115259216924998,1.152284335888804,1.152461488446118,1.1022017764076422,1.2492396047600385,1.151502138699465,0.8038781341487307
2015-02-08,1.3848671786000002,1.1427934389172032,1.336946027518601,1.4438331722206796,1.1064498408558414,1.1692433911551599,1.1625322435729335,1.1065769029293857,1.1195476790904624,1.1626166699797351,1.336508317369452,1.3572451648436532,1.1235645209373608,0.8468815233920666
2015-02-15,1.3502109705,1.4159705972356842,1.6477509925955844,2.186898462257844,1.291540037432518,1.2279435610941958,1.356350601463731,1.2915166374509268,1.389924574112427,1.3563735300776267,1.6329072909739204,1.7383696593528903,1.4713265400008615,0.8765189943570684
2015-02-22,1.0194508725,1.2358154975034137,1.3481799694729566,1.1158028623289822,1.077352606778461,1.020925733271504,1.1059681196033226,1.060366628578435,1.0290026787715398,1.1079381559553925,1.3692272421075784,1.1249039353560333,1.066185772300476,0.820730813717065
2015-03-01,1.0141543849,0.9512660334213549,0.9357571940612384,0.9197920271999418,1.06808994792003,0.9490024294063824,1.0563142365914433,1.0433003130754224,0.9491305867398216,1.0563032610546053,0.8088386234882635,0.834815004121635,0.9664740830701294,0.7678482674853953
2015-03-08,0.9215241717,0.9501109217340696,1.4071039564000365,1.2724546140553248,1.2297569131773771,1.292232478299099,1.3990605405260474,1.2340721371862282,1.2121344363083244,1.342021944873002,1.6583328438115603,1.2885687770727006,1.2244991383320112,0.8422325083387329
2015-03-15,0.8859523988,0.8741774118490425,0.916005378744822,0.8690699245900787,1.0780438825486258,0.9661788927564628,1.0740615520497077,1.0701480467694966,0.9939106171324464,1.0828168264052738,0.8799181738946789,0.8377242684263771,0.9828644481561324,0.6818414889987234
2015-03-22,1.1912689604,0.8461855705683945,1.2160471538174893,0.9451983823195502,1.0296750515638555,0.9845267153471582,1.0971677049315498,1.0245795858691833,1.0117044074419737,1.0558876177545442,1.2386694655927526,0.7647220968441979,0.9828712932808482,0.6713812051287228
2015-03-29,1.1694929413,1.0967599827610917,1.5903367958647427,1.2046773158078592,0.918904012284995,0.931796363181324,0.9655794557284664,0.8410824677690799,0.9269603580728064,0.9208469713020079,1.5582826099279234,1.4819216851970545,0.9244706304915064,0.6260533083587201
2015-04-05,0.8526296895000001,1.0536002438806775,0.7735859738042961,1.0992347959355433,1.0325066097710671,1.0858801054479064,1.0424081100553426,1.038692757616663,1.1043688398356597,1.1224984715706323,0.7525823873546427,1.1380684858978118,1.1446622994120141,0.820730813717065
2015-04-12,0.6081891383,0.7876573835971472,0.5993831131903807,0.8178892358264586,0.8091823514060071,0.7214783969332895,0.7755989080028268,0.814263015554736,0.7473720923845679,0.7932265360300255,0.6175885183113301,0.8309133000250857,0.7551622267092073,0.4569453857937101
2015-04-19,0.4835425857,0.5403862127273913,0.7237562046327517,0.4854362027594911,0.8158426154575822,0.7473252170943494,0.777098486930023,0.7198276815406432,0.6894885546105811,0.7353805377706476,0.7263103483345155,0.4919621094899603,0.6897473810327963,0.35931606967370433
2015-04-26,0.6370586094,0.31346394702779057,0.4416603207092821,0.486029234998054,0.4632076914805665,0.4712360738692122,0.4337237800771436,0.4418465106939054,0.4214217153505399,0.4098034560840299,0.42045409357895175,0.4880280502136918,0.4196768088571086,0.26575464172536545
2015-05-03,0.5929769295,0.6380012818244262,0.4782675986858706,0.4143951189436985,0.4339835932606467,0.4809156899601685,0.3889515114055376,0.3645053505874341,0.3938589792045959,0.3506169964338116,0.3781980471976342,0.4394528061791716,0.3946248781933517,0.20241181162369504
2015-05-10,0.4792810784000001,0.585928029488178,0.30856172980909136,0.4211528444629086,0.3961485920635438,0.4218004364955333,0.4128655585172484,0.3794747074574287,0.4217468545454421,0.41284663229414703,0.3016019082912259,0.4822360801405362,0.4250473187155661,0.13325771270535758
2015-05-17,0.4300194533,0.6019787986665733,0.4680325586208195,0.5102377691707991,0.4468185588640005,0.3369906809543673,0.3673472925432745,0.4486034081290014,0.4219655257834549,0.4556110317438372,0.44918202333143853,0.5261142643591022,0.4236856737802084,0.04318304604701895
2015-05-24,0.4835337167,0.4784381989633685,0.66944388079306,0.6590347716093524,0.4559264951490332,0.4590334090338644,0.5194446227035793,0.44409282438808506,0.3971543158043276,0.4372442189959749,0.6510871185359588,0.6197952071009798,0.40610902590402176,0.2454152008670309
2015-05-31,0.3405221339,0.483586785429478,0.4641933194541,0.4263531693339859,0.34981642258522105,0.3579331207621469,0.3702182869578007,0.34165033293308844,0.34717889872094343,0.34583031882999804,0.4567463256925572,0.42297506379282795,0.3554524443515096,0.15882729549869246
2015-06-07,0.4778156997,0.3825510383098035,0.22142603357784152,0.3475188928314198,0.3633706283605321,0.35077872135746435,0.3741326770537448,0.3520045296675217,0.3443176381260751,0.3516922286294878,0.23260125446486055,0.35127998900903545,0.3490829622570334,0.1262841901253572
2015-06-14,0.365338509,0.4908282676272168,0.4382855433678575,0.43973635878112,0.27330302143039664,0.3707374341930196,0.3611818538184137,0.27172973307351056,0.3497800711106216,0.3169619528434769,0.43466023835370027,0.5227007288701708,0.3492971665219351,0.1762611019486935
2015-06-21,0.3925044315,0.3685423318732333,0.24952858194890515,0.2864668401915321,0.2941767874335114,0.2870742440942443,0.2877801588299801,0.2927647423680362,0.28882634480305336,0.2826952188436539,0.25248542996679924,0.28920044443828985,0.29507762051838937,0.0362095234670185
2015-06-28,0.3171247357,0.4055889222562198,0.35786535708892353,0.33159654910987896,0.21175053479062944,0.2769326601033295,0.2354261994723631,0.20894772719484567,0.29082474046681905,0.2410507308938904,0.3626210619572992,0.3247337605438861,0.2960150299119175,0.11524277937368987
2015-07-05,0.3188228081,0.36408184018545775,0.4567992427983566,0.2729924612221195,0.3675109482770172,0.33043659724659924,0.35583483758450685,0.3507400969876895,0.33046069116078025,0.35159046141429884,0.3447002295966097,0.2203724405398203,0.3347247520118275,0.0658469944320203
2015-07-12,0.3249707526,0.3263570052544529,0.002193611481093871,0.3185739173764037,0.2743341952985037,0.30475951813603264,0.27835759235434643,0.2586721044783774,0.31419865498969546,0.28780964387672736,-0.05791201614731222,0.3337082713444901,0.3155363195338866,0.13790672775869126
2015-07-19,0.3833593639,0.38053782700521743,0.29041047590795266,0.3050008688288598,0.3260905821396495,0.3490402684309781,0.33985896379813074,0.32338938564722663,0.3489704084653517,0.3398758738274852,0.31244116068363004,0.30676480754527913,0.34785185316052725,0.12977095141535738
2015-07-26,0.546875,0.5402651247558066,0.4769738027627309,0.3108331212535672,0.4307975659893883,0.43169773686255225,0.4129180819776798,0.31703473873467913,0.3494068753760916,0.3432420623595465,0.507884713224683,0.3349078828574837,0.3567567584621936,0.07282051701202069
2015-08-02,0.3618468664,0.5532884424124656,0.5206637695240968,0.4113726391892532,0.2935537082609352,0.3080460590145111,0.3758336775158002,0.28399697228415943,0.3503127252533327,0.3137321996570107,0.7120432892164601,0.44716218000213737,0.3549745756622136,0.10013348045035564
2015-08-09,0.4261572373,0.4033137338282652,0.26075338577648544,0.4526565156547598,0.3431049998396077,0.32026443814947997,0.2690516342790418,0.33761495321764345,0.3554603242173556,0.3488556365329034,0.4826714660690044,0.4574668892029765,0.3600246549339219,0.17103096001369314
2015-08-16,0.5163271002,0.4575238028049498,0.3481383424609995,0.330456660576028,0.3897048307754628,0.3582185820808785,0.29657604652600833,0.3849181609162125,0.3676874049026735,0.382179705357687,0.3198264956788073,0.2972107357036732,0.3712390422881751,0.0
2015-08-23,0.4424778761,0.5440912664905644,0.34311431486680954,0.3317580968550593,0.3046230334693245,0.3871877029665472,0.3593027582627993,0.31379535373679324,0.3835124038040396,0.3609495761710589,0.3630677132059239,0.3539540511357277,0.3563230926409853,0.0
2015-08-30,0.4148230088,0.4876242039916592,0.38750364979303215,0.4085725211924951,0.2696937446348814,0.3325482884204366,0.3587802108821221,0.2877635278097972,0.32516276827269475,0.2969292657167899,0.4126864058270621,0.4371046299329229,0.3292280950025047,0.0
2015-09-06,0.4176334107,0.4698942249328581,0.4968717873755016,0.4859641205582026,0.4247877656899681,0.4484333436467383,0.4562835610317165,0.39862772720910056,0.4566858979080063,0.4007599960884855,0.6084320240977651,0.5005569148281042,0.4028017187904673,0.0
2015-09-13,0.2884615385,0.4445986384615354,-0.1349875127972079,0.2270622962282357,0.49421205415970104,0.4095951726786736,0.4434513623221933,0.5317950332360755,0.4271162100067736,0.4601121218260713,0.3867438267278793,0.3629724221138019,0.4373100308953234,0.0
2015-09-20,0.5338260959000001,0.3672372797767269,0.5182552440733195,0.35277763043692456,0.5555147708871069,0.4605696541863938,0.49488795946702,0.5998917744938856,0.4607238542972668,0.5122065412808743,0.4838744021368249,0.34288122578603863,0.4579368337585852,0.0
2015-09-27,0.5702603829999999,0.5791652155846188,0.5395166747873676,0.5775089660213091,0.5533081680051848,0.5773702659547482,0.5753756653724093,0.6808517253612851,0.5774614654526329,0.57541281277894,0.5434830083234136,0.5681299965577713,0.5767720657593266,0.0
2015-10-04,0.5357340107999999,0.6733982852425038,0.4787732102075134,0.5325641768952214,0.4046547816369537,0.4820290995602388,0.5168674549018506,0.5852645888830428,0.5455417931624417,0.4066198011158964,0.4946382527267882,0.5404686673749179,0.5479986277735961,0.0
2015-10-11,0.6506559458,0.5827191157766539,0.6583774580776637,0.5842046958481332,0.5870954490763195,0.5298529765866252,0.5700624259914855,0.647833302275223,0.5355773798708086,0.4592938797570378,0.7424426509036979,0.5947512601010161,0.5353496109845542,0.0
2015-10-18,0.572452586,0.686718735920984,0.3622705350543771,0.5255031613752406,0.6380512114775283,0.4832077107938311,0.3852928509315554,0.6944002369102127,0.5991766957665681,0.6009970485418918,0.3680738109579352,0.5347693480696708,0.6042820963122413,0.0
2015-10-25,0.5827630453,0.607623314721867,0.8508179637155926,0.5162041865979818,0.6750727220808961,0.5989578936733374,0.6515235183127749,0.7350263633342664,0.5918785172524677,0.6503061206444756,0.8546681039471353,0.5466424581057248,0.5936372072843862,0.0
2015-11-01,0.7363291825,0.6339807856919158,0.4891853317310334,0.4215431458045696,0.4837825286358157,0.4785625824188735,0.3984872324396687,0.5577258902001554,0.5004753623965357,0.5149057078987767,0.5690544937011861,0.4301871889279334,0.5007123344723541,0.0
2015-11-08,0.9593618627,0.7687531136598157,0.8202588623724322,0.7934853982914587,0.7350413439196704,0.6983199586304774,0.98548125994434,0.7757519574357425,0.7041458301585903,0.7899415665727949,0.8350462485692088,0.7217025915041075,0.8238803422293943,0.0
2015-11-15,0.6456419171,1.0266636328830203,0.8574471474260741,0.7814560674097052,0.8026992031299145,0.7849396591495315,0.8975202848753207,0.8373814002540307,0.7857203111319774,0.9522867531941376,0.8658273321072213,0.8638521728249393,0.7638247393720796,0.0
2015-11-22,0.7687430654999999,1.0271326991994798,0.8094150961589475,0.7204103154958905,0.8207340221167037,0.6395552509106225,0.7290830121848382,0.777750767046553,0.7123412330494964,0.7768899560795454,0.6089407939764562,0.6095768617236224,0.7190593462741967,0.0
2015-11-29,0.6221691305,0.9548124650523944,0.8627524030029183,0.7064814394314488,0.7863761745704639,0.6237326633215856,0.7912228164321113,0.7573765086363939,0.662273089328,0.7461336921643589,0.7922705833021608,0.708531992731856,0.7163701360315525,0.0
2015-12-06,0.9045330025,0.9557341880593904,0.8165310742721109,0.7989216887556073,0.8558781662335307,0.6930398673007268,0.8970204911731682,0.8549708254742919,0.8023823206398124,0.9115825683915156,0.8213177136550622,0.7980783977714974,0.7301756677538274,0.0
2015-12-13,0.7227475273999999,1.2595221075348662,0.9096651716514756,0.8603718344940674,1.014913022542825,1.0244354116345578,1.1137446593654199,1.000915633891961,0.9417415988504554,1.0101731008368109,0.8960527824294579,0.8667044148500352,0.9466095713239556,0.0
2015-12-20,0.9752637645,1.4852048775151443,1.062825870591943,0.8442408412728355,1.4814844545251764,1.2725088741505952,1.6056065717846495,1.4810343568306366,1.297986848445436,1.3434596903999447,1.0477543140249368,0.8217664312138919,1.270855523787186,0.0
2015-12-27,0.9250920999,1.1070178342185766,1.2365336367789586,1.0876874123884026,0.8720368706672236,0.8784626482406483,0.9015514435263762,0.8698286060343495,0.8969339903479089,0.8552909298387523,1.2549434586824924,1.0594631057707566,0.8522440166578703,0.0
2016-01-03,0.8330115298,0.9899054527104,0.7386451616946451,0.9217187804605972,0.9450108513096812,0.8166524116971604,0.922945023749001,0.9370069938592488,0.8966765555289179,0.9221931889688674,0.7253491349056329,0.9219323649219072,0.9046563186287724,0.0
2016-01-10,0.8931826467,0.9049257630402996,0.5863303199244714,0.5399893055785778,0.6169316011118553,0.7757330477986756,0.6357058049800172,0.616958329015066,0.6301484296723486,0.6345368993722316,0.5845842738480669,0.5409608451773682,0.6345109042812576,0.0
2016-01-17,0.7345476262,0.8855201247548072,0.97889922267498,0.7093305872499038,0.7391885843984167,0.7745730317681505,0.7562999729357756,0.7391907788598101,0.7417015892675785,0.7768684917430504,0.928528075781803,0.70640184628898,0.7450160153342843,0.0
2016-01-24,0.8417508418,0.7530865215045409,0.7085379225581312,0.6972627850457985,0.7839895474649369,0.7106782164645716,0.752848237031559,0.783986440471484,0.7613602878846478,0.7964650464842441,0.7254032588138559,0.6872395714019388,0.7656614459487241,0.0
2016-01-31,0.8741788782,0.8313701624684724,0.8452983981093207,0.7304731330881817,0.7103612622287572,0.7128565169547486,0.6881884156673521,0.709010640441698,0.7254075915042856,0.713300932726394,0.8281801008566123,0.7339789568212093,0.7288057254349504,0.0
2016-02-07,1.0973566139,0.8569876683964127,0.6631310489591112,0.6791497778829503,0.7392402373470229,0.7556296306580457,0.7380433920098755,0.7460968864464892,0.7940177834365297,0.7643423703390206,0.6540520150659186,0.6913375634006951,0.8049976467782137,0.0
2016-02-14,1.4414517888999998,1.0370974888421678,1.1095336287578703,0.8696136986968855,0.999374187929447,0.9288953427560768,0.9868775029430727,0.98753065889203,0.9289153498642015,0.9868484591292332,1.165930000248602,0.8852328675596128,0.9351875803711588,0.0
2016-02-21,1.6718235353,1.2229463127072835,1.4680838110247068,1.3589206886509784,1.1119836050506542,1.296706516969624,1.1596919056279529,1.1119839847178388,1.2176026082575009,1.1596940603711934,1.4692063849423025,1.3970762418635538,1.2414902255020257,0.0
2016-02-28,1.6564905761000002,1.5399819075571246,1.7637123684082503,1.4333440358829324,1.2916849789390419,1.633700733427181,1.7006631147079945,1.2887927374640933,1.6200374958465835,1.4186094142476229,1.7556214910285357,1.5060051249976367,1.6989051299364382,0.0
2016-03-06,2.4444791179,1.5052362341703374,2.06553926136881,1.863457644658556,1.6147685022522114,2.0502776232136237,1.928446398357729,1.6096311277272948,1.9588801519288503,1.6780841573005087,2.052651272675215,1.9165973069474969,2.0145949537864185,0.0
2016-03-13,1.7828452967,2.1442864223234213,1.9356716327330532,1.9692908582305682,1.4761922361725186,1.8740485242736784,1.861939397234901,1.3127615929546674,1.8740470808892455,1.781883944021949,1.9100290124819264,2.017806795136638,1.9169733488152647,0.0
2016-03-20,1.8223734768,1.5788046074655284,1.7947871289236503,1.4515591551683178,1.2670928173399012,1.4689322086384085,1.4339110815671927,1.0588084050003954,1.4689297151284118,1.212368953778211,1.814234831874828,1.500472121575097,1.4922162517354691,0.0
2016-03-27,1.4758840544999998,1.6010610194353636,1.352938766083616,1.4031062553357707,1.0671103010965115,1.499592737152926,1.3873813041073602,1.0671143520021251,1.4996103274551331,1.4252887682358495,1.3936040679337665,1.4494517987638482,1.5118748440460688,0.0
2016-04-03,1.1489074116,1.3271510113321323,1.2015850319772132,1.1126492445878449,0.8322291115201773,1.1327075699702722,1.243549596305834,0.8322291115201773,1.1326948403476989,1.1104164775101446,1.2277008836298773,1.1514423232046702,1.1462902303636509,0.0
2016-04-10,0.8806769125,1.0796322464834436,0.9036033380981168,1.0290994852664352,0.6779592745670878,0.9527572441197631,0.7402238557993136,0.6779592745670878,0.9527538386606332,0.7782541149752844,0.9003965541015139,1.0234981980423543,0.9636198424856696,0.0
2016-04-17,1.0537539986,0.8769349759623308,0.7602995151809496,0.954817900807456,0.8283862471846257,1.0215184923548672,0.9305509908399664,0.8283862471846257,1.021514306126447,0.9305012954749315,0.7589072159198997,0.9485527030963986,1.024411345991619,0.0
2016-04-24,0.8381484539,1.005553388660063,1.0040231790238474,0.8309386061452182,0.9731502391425292,0.9232809098089044,1.0363401510408785,0.6534547604634742,0.8232311434008867,0.7277519268777162,1.0140158991967063,0.8281261264807513,0.8219474131728971,0.0
2016-05-01,0.7377049179999999,0.8389352623750862,0.663720968574156,0.6249681041019731,0.462417192874692,0.6411574773802368,0.6172151848087971,0.4624170350856714,0.6411574123407155,0.5301234769593874,0.6906822116599753,0.6178764371752223,0.6408610944500506,0.0
2016-05-08,0.635448975,0.7911564859627647,0.6214419839470342,0.5777296078833478,0.5562974302548727,0.60566020129923,0.6320779141854969,0.4748391490635562,0.6057132588359935,0.5719613786279748,0.5930548455112469,0.5809213008591169,0.607281708180311,0.0
2016-05-15,0.5473414842000001,0.6741927830903666,0.5044201798079985,0.5668523940985536,0.5273021276467196,0.5354960880761994,0.5560921155708194,0.4502216925500562,0.5312912502670368,0.5274666915047126,0.4860113984021304,0.5719622178990325,0.5353819107266548,0.0
2016-05-22,0.4687218316,0.6152473893485301,0.3817202135593736,0.5138305664182464,0.3671996184719276,0.4339751957536827,0.42036486488701896,0.41645616829652293,0.4339741487672689,0.42034972055077136,0.39050850335589227,0.5181767674995418,0.43909778428722596,0.0
2016-05-29,0.4936530324,0.5553870427209022,0.1880861155850151,0.33727793442981835,0.34255073590959084,0.37496130587520704,0.3823686836272976,0.39125633711557617,0.3749643893784885,0.3824195179944724,0.18518042072415408,0.33689889401650785,0.3782531523844019,0.0
2016-06-05,0.4814778422,0.5808293976939568,0.38497717994068,0.3872179540499133,0.2904303424382102,0.4049852704351776,0.2987172241566878,0.2958513612297323,0.4049822267518863,0.37805425475369936,0.3784638238319248,0.3916565619959525,0.40810545563397294,0.0
2016-06-12,0.4959642128,0.5746392120112225,0.426631412647141,0.3491522703035449,0.44436108701146504,0.3955771990530279,0.4285730142680165,0.44436108701146504,0.3955838110822144,0.4285754839095684,0.4364932059860874,0.35151933911107697,0.3979484588419344,0.0
2016-06-19,0.4325259516,0.5915005304557478,0.23602595241747115,0.3957408472509125,0.3730724806094871,0.3559916803732406,0.37419929663645857,0.3730724806094871,0.35598647985740284,0.3741499825064751,0.23394102612407586,0.4049239484233457,0.36147524658852737,0.0
2016-06-26,0.44411547,0.5439014854736671,0.5575835962016134,0.3314066195818609,0.3852246060354101,0.3632720030568897,0.37057346661569335,0.3852246060354101,0.3632730738365647,0.3705921730240415,0.5718234209266031,0.3411540515941742,0.3662616705269967,0.0
2016-07-03,0.422622747,0.5419991283974241,0.3413862754656383,0.2960722760132667,0.4124416803523302,0.3793540528705447,0.3966147584147349,0.4124416803523302,0.3770213613522372,0.3966051216446684,0.35520073273615005,0.3126370530141709,0.3831475120538613,0.0
2016-07-10,0.4175801232,0.5214409592950112,0.2367985591113416,0.3261485644224236,0.3364146549319794,0.3199727167651939,0.32252556311660485,0.3364186592001368,0.32047857255094825,0.33383932782443193,0.2600392457659957,0.33917951220181985,0.3275140727842034,0.0
2016-07-17,0.33673813,0.515074896603046,0.6472352104204304,0.4082427153786444,0.5290704934746571,0.4197759245890529,0.38706331251070025,0.3934765507546458,0.3771804070791308,0.3870626956285917,0.6343057802751523,0.4164053894961344,0.38608207489561663,0.0
2016-07-24,0.3684598379,0.5389088268910514,0.4082416852959563,0.28672046175061083,0.4505157952200126,0.4867923301411843,0.4902791588532308,0.4505157952200126,0.3773478870770057,0.38230023842984295,0.3991454181179717,0.29224863124922296,0.3809332218095478,0.0
2016-07-31,0.5074462217,0.4836096426305072,0.4654104533048738,0.3521000426131401,0.43891803613331615,0.3534777281965725,0.3677449696569892,0.4167247746928435,0.3579634739806287,0.36773765409570935,0.4560300147985958,0.3576204770025929,0.3626170733069187,0.0
2016-08-07,0.3906994473,0.5953643231329087,0.4402526878184552,0.4507681575136846,0.4439708421993445,0.4151925854540253,0.4294983488896349,0.4439708421993445,0.4261487664729138,0.4294873804522295,0.42085989054205786,0.4550246380269198,0.4298997157833592,0.0
2016-08-14,0.4111466423,0.5100029001870965,0.5153871724278881,0.3954590894813532,0.4112642123469842,0.3763878922816224,0.3794272356304855,0.4112642123469842,0.3767338118013085,0.379408417140258,0.5087037695337839,0.3947944997988625,0.37854293353882973,0.0
2016-08-21,0.4455156296,0.529161597412642,0.3044653098193132,0.37098920231762256,0.4293149070945185,0.3980141379325588,0.4009088637297293,0.4293149070945185,0.3982757554722002,0.4009208562315897,0.3042600141046817,0.3747863402360441,0.3989874394487616,0.0
2016-08-28,0.4742249934,0.5553807354701701,0.3639383917148864,0.4672914399589164,0.5075273560213371,0.4706198071581925,0.4730147432986529,0.5075273560213371,0.4707509524211178,0.4730107626088103,0.3625916544643655,0.4691551489238751,0.4682113142918309,0.0
2016-09-04,0.6774014436,0.5819055936222647,0.5225608726756269,0.6400375228855169,0.613844085524071,0.5630898866279492,0.5650017904077941,0.613844085524071,0.5631199403240317,0.5649777500224651,0.6090154089503159,0.6398027023986534,0.5585108302362594,0.0
2016-09-11,0.6290507053,0.7297836079514703,0.4931802913455373,0.4893365358462506,0.4845209521037375,0.4979351198500102,0.4979302089133876,0.4845209521037375,0.5041216721332931,0.5058158615987964,0.5012340503342735,0.4968372876436017,0.5039473096225638,0.0
2016-09-18,0.6285355122999999,0.6819470851765971,0.5269595840756893,0.5374502857251473,0.5167059835843303,0.5052607949029735,0.5081669259367495,0.5167064543324819,0.5211318605743938,0.5226955636971861,0.5312928332806588,0.5429330141510821,0.5243223816963714,0.0
2016-09-25,0.8365814240999999,0.6860320849467846,0.7891734013287904,0.555635347949354,0.6057288068133514,0.5943234754688191,0.5962411079597569,0.595395890586964,0.596822492857227,0.6023624676315376,0.7739960489246921,0.562055032615044,0.6009686948828983,0.0
2016-10-02,0.5812568488000001,0.8516153871377377,0.6265140308557531,0.5992264556151622,0.7583999597855893,0.7584124410412938,0.7522889565157387,0.7264429608982217,0.7419816430598806,0.7472073174822806,0.6247204793310382,0.6074058660245365,0.7519710806660529,0.0
2016-10-09,0.6006727535,0.7053791468090025,0.7383365730094162,0.5594071219213567,0.6809536469646067,0.6875456964202733,0.6293127859104629,0.6809536469646067,0.6288725491531962,0.6293593313244293,0.7342824842692484,0.5649055911624227,0.6315508698174793,0.0
2016-10-16,0.5709701774,0.6790123903578182,0.6732657064907712,0.6519344017471702,0.7154419731567883,0.6642004143133544,0.6657074383104271,0.7154419731567883,0.6640536292590539,0.66573739914113,0.6365774415101848,0.6586294767092314,0.6661042463648796,0.0
2016-10-23,0.6913650884,0.6616649985178127,0.7158077264142522,0.5916991985279073,0.7628597447174511,0.6567917504433314,0.7074948691514392,0.7628597447174511,0.656468280477928,0.7430265635645106,0.7061481197889579,0.5891740529897285,0.6557109192913753,0.0
2016-10-30,0.7530402245000001,0.7478627030770223,0.7368599660267761,0.6710933519779597,0.8084115435956251,0.7084147193644255,0.7734371429943455,0.8084115435956251,0.7082723086423077,0.7927123917992667,0.7333510191249071,0.6723201259320825,0.702818716638328,0.0
2016-11-06,0.7612267251,0.798127459996414,0.5847793815941223,0.5735930994360402,0.6344434880907981,0.6175855910629656,0.5510824318211412,0.6344434880907981,0.6175740100226086,0.6295437148283769,0.5865363984679349,0.577074046236587,0.6166780240184773,0.0
2016-11-13,0.7248491923999999,0.8014262093767469,0.781152549082299,0.6534643123237369,0.9117866869392728,0.7741544988220499,0.7571276902248248,0.9117866869392728,0.7737250492667844,0.8813242212887126,0.6778103262782788,0.6627040860110709,0.7710506271699729,0.0
2016-11-20,0.7973014412999999,0.7800131107284343,1.0614219462004886,0.6676599373730022,0.65263495971615,0.6323869193820485,0.8408538174730852,0.6526340911758001,0.6320484068508277,0.6397181154328646,1.0591251553103462,0.6731102066865763,0.6325323234038658,0.0
2016-11-27,0.9517234578,0.8272820831411775,0.8498829169722669,0.6489154174343168,0.7177474706703508,0.6706226014067358,0.7430950030888501,0.7177478401722915,0.6706225395356761,0.6933086153124175,0.8566250246282369,0.6606556982217754,0.6707360362104376,0.0
2016-12-04,1.0250917993000002,0.9509704474664732,0.7816652981327136,0.8494757956072334,0.7550621645144537,0.7085116148577413,0.7220925462885609,0.7549453925010244,0.7056898935024741,0.7768851253334315,0.7644114476051445,0.8643145221833541,0.7102414511500779,0.0
2016-12-11,1.2829689995,0.9986421633858223,1.2369150826354185,0.9214795773124757,0.992667437641242,0.9073109660193412,0.8766103510373859,0.8535997309957728,0.8841770468299425,0.8815450184846617,1.2317497275039768,0.9347383887929748,0.8955121127771652,0.0
2016-12-18,1.2898671629,1.1816110939903672,1.6334176125749564,1.012840897937879,1.0848411608742612,1.0745217190862104,0.846479247088033,0.783662966318585,0.9817693588645138,0.846479247088033,1.6476420883198055,1.0399622428016626,1.0070090529860591,0.0
2016-12-25,1.5774180158000002,1.125983840246251,1.4295270210622193,1.3007640325567,1.3339542525723198,1.2869450819286734,1.1324454624417783,1.061028776847626,1.2869450819286734,1.1324454624417783,1.5511225689667616,1.3074300901018283,1.305692576379751,0.0
2017-01-01,1.4345830144999998,1.3020715732023167,1.6118771950231985,1.3413881491349673,1.0645466151868672,1.3468256142034551,1.2203633840013408,1.0645466151868672,1.3468256142034551,1.2203633840013408,1.6281421487738204,1.356363737454365,1.3779205461671185,0.0
2017-01-08,1.2789768185,1.259414484601015,1.4647409037759545,1.3609628453810378,1.1402598060997673,1.3747153044828357,1.2079280007091322,1.1402598060997673,1.3747153044828357,1.2079280007091322,1.4812829784198112,1.3739305212066344,1.4048140391521144,0.0
2017-01-15,1.7370208637,1.1717334004817888,1.5901920881778553,1.4195195890764944,1.3294521616585633,1.3710808151188665,1.2651381785571525,1.3294521616585633,1.3710808151188665,1.2651381785571525,1.4813978570921,1.4367902339149832,1.3779981316174303,0.0
2017-01-22,1.9374068554,1.5505535891309037,1.8784622370900572,1.6347872783236104,1.4225245504538888,1.6210840475666062,1.502491153693558,1.4225245504538888,1.6210840475666062,1.502491153693558,1.8480355840320155,1.6466912885135714,1.6415871414752834,0.0
2017-01-29,1.7075124138999995,1.773216945835706,1.919152475823012,1.868298720364136,1.6164743933637065,1.7218380541906186,1.7232901713393185,1.6164743933637065,1.7218380541906186,1.7232901713393185,1.8866034934843856,1.8761940517999576,1.7203663272805487,0.0
2017-02-05,3.0201649863,1.6429707130664768,2.793373830391221,2.368208202158562,2.152221271947917,2.3832313060927044,1.878617457247376,2.152221271947917,2.3832304312755594,1.878617457247376,2.7241409413101083,2.3981058945779457,2.415421089307603,0.0
2017-02-12,3.0936566665,2.50073759004424,2.9181343430505207,3.1719185105871004,2.803026664576965,3.0012163754995163,2.814434119973061,2.6859236972060745,3.2176573973084897,2.8097128395806066,2.8826448658409003,3.2449673648610737,3.3483267232646208,0.0
2017-02-19,3.5868392665,2.9008500627012865,3.2836055114563765,3.214175042811224,3.2856779261559965,3.2257643688058315,3.325218046686545,3.2215523393263954,3.2491018456184864,3.1747128683966075,3.2876129742683604,3.2387230913714475,3.2981590463927697,0.0
2017-02-26,2.4645779286,3.4551633079856194,2.3644020068474605,2.520349314624298,2.3733618236958933,2.4368524975081085,2.4734905649551,2.453462053764691,2.5192174801710223,2.836530009702728,2.3585251636092943,2.4998083160898807,2.439413712616336,0.0
2017-03-05,2.0728104451,2.490510712716704,2.170287880999944,2.189529798718141,2.203746701178775,2.16493854407697,2.1919629558692457,2.265968102688772,2.16493854407697,2.2696553526390293,2.1507297464439463,2.267821408866748,2.182123509524338,0.0
2017-03-12,2.0142656219,1.905714675635373,2.2963353042771124,2.114641747659161,2.293595444616167,2.1924224621558683,2.242074685089821,2.3927848010930517,2.1924224621558683,2.2900717703704068,2.2876945385517122,2.1546930674035467,2.2115032782136668,0.0
2017-03-19,2.155813262,1.8368009688462403,2.4751435897707594,2.4054139024455345,2.5573680217991503,2.383882690998445,2.362655011872305,2.518679482333888,2.383882690998445,2.362655011872305,2.4601313537916445,2.4405779658759874,2.393580843310026,0.0
2017-03-26,1.7173333333,1.9562943162723267,1.8662702469997008,1.9251170810797784,1.94200871303258,2.14171846933795,2.134103712568686,2.1681817093058777,2.14171846933795,2.134103712568686,1.8607563251881984,1.9074108226866573,2.1081726209632157,0.0
2017-04-02,1.2441679627,1.633921942183579,1.3587791242559757,1.3213340374367242,1.466949267130914,1.42135497514177,1.5163731997940575,1.466949267130914,1.42135497514177,1.5163731997940575,1.3471736575352948,1.3136054998405688,1.403446827379107,0.0
2017-04-09,1.1233033439,1.2086748160651393,1.1005327351621323,1.1219757762175029,1.11303785182429,1.1245317319330337,1.1328768594777476,1.11303785182429,1.1245317319330337,1.1328768594777476,1.0968629353283197,1.1071726091548786,1.1051907213797487,0.0
2017-04-16,0.9105325081,1.0966289808628058,0.7857272714265179,0.8188434081778584,0.7270626594384949,0.7691728092828646,0.7019782063267934,0.8097777560761196,0.8858563501806522,0.9029034967199052,0.7149381966874392,0.7626184826376178,0.7620722849170913,0.0
2017-04-23,0.7615946215999999,0.920983483813953,0.7640747489218991,0.6785178479273369,0.5990878893454317,0.6932769245085784,0.6326580100340267,0.5742018859250184,0.6932769245085784,0.6635049724304629,0.8303995747312979,0.6460992105954688,0.6792154903704871,0.0
2017-04-30,0.6449058098,0.7945938900792717,0.5777183984214004,0.5595891830956531,0.5916463828728559,0.5869397222608232,0.6331542644674046,0.5916463828728559,0.5869397222608232,0.6331542644674046,0.6148506004070131,0.5521884190854583,0.5873073495396537,0.0
2017-05-07,0.7094312627,0.6972809986837547,0.5920101696768871,0.5307060089385849,0.5366044088580155,0.5208895790202497,0.5658965132062879,0.5366044088580155,0.5208895790202497,0.5658965132062879,0.6045682461915589,0.5347132893846385,0.5246907360895274,0.0
2017-05-14,0.5741090807,0.7490547071061073,0.4084574131375006,0.4968784445995743,0.5237208900755981,0.4471338306285919,0.5682204032319704,0.5237208900755981,0.4471338306285919,0.5682204032319704,0.5167293454647395,0.5311196267568918,0.4558490424643217,0.0
