Week,ILI,AR52,ARGO,ARGO_top10,ARGO_all_weighted1,ARGO_all_weighted2,ARGO_all_weighted_more_ar,ARGO_top10_weighted1,ARGO_top10_weighted2,ARGO_top10_weighted_more_ar,ARGO_ath_weight,ARGO_ath_deweight,ARGO_obs_weight,ARGO_top10_obs,ARGO_top10_weighted2_obs,GFT
2011-01-02,0.0,0.0,0.0,0.0,0.0,0.0,0.0,0.0,0.0,0.0,0.0,0.0,0.0,0.0,0.0,0.0
2011-01-09,0.0,0.0,0.0,0.0,0.0,0.0,0.0,0.0,0.0,0.0,0.0,0.0,0.0,0.0,0.0,0.0
2011-01-16,0.0,0.0,0.0,0.0,0.0,0.0,0.0,0.0,0.0,0.0,0.0,0.0,0.0,0.0,0.0,0.0
2011-01-23,0.0,0.0,0.0,0.0,0.0,0.0,0.0,0.0,0.0,0.0,0.0,0.0,0.0,0.0,0.0,0.0
2011-01-30,0.0,0.0,0.0,0.0,0.0,0.0,0.0,0.0,0.0,0.0,0.0,0.0,0.0,0.0,0.0,0.0
2011-02-06,0.0,0.0,0.0,0.0,0.0,0.0,0.0,0.0,0.0,0.0,0.0,0.0,0.0,0.0,0.0,0.0
2011-02-13,0.0,0.0,0.0,0.0,0.0,0.0,0.0,0.0,0.0,0.0,0.0,0.0,0.0,0.0,0.0,0.0
2011-02-20,0.0,0.0,0.0,0.0,0.0,0.0,0.0,0.0,0.0,0.0,0.0,0.0,0.0,0.0,0.0,0.0
2011-02-27,0.0,0.0,0.0,0.0,0.0,0.0,0.0,0.0,0.0,0.0,0.0,0.0,0.0,0.0,0.0,0.0
2011-03-06,0.0,0.0,0.0,0.0,0.0,0.0,0.0,0.0,0.0,0.0,0.0,0.0,0.0,0.0,0.0,0.0
2011-03-13,0.0,0.0,0.0,0.0,0.0,0.0,0.0,0.0,0.0,0.0,0.0,0.0,0.0,0.0,0.0,0.0
2011-03-20,0.0,0.0,0.0,0.0,0.0,0.0,0.0,0.0,0.0,0.0,0.0,0.0,0.0,0.0,0.0,0.0
2011-03-27,0.0,0.0,0.0,0.0,0.0,0.0,0.0,0.0,0.0,0.0,0.0,0.0,0.0,0.0,0.0,0.0
2011-04-03,0.0,0.0,0.0,0.0,0.0,0.0,0.0,0.0,0.0,0.0,0.0,0.0,0.0,0.0,0.0,0.0
2011-04-10,0.0,0.0,0.0,0.0,0.0,0.0,0.0,0.0,0.0,0.0,0.0,0.0,0.0,0.0,0.0,0.0
2011-04-17,0.0,0.0,0.0,0.0,0.0,0.0,0.0,0.0,0.0,0.0,0.0,0.0,0.0,0.0,0.0,0.0
2011-04-24,0.0,0.0,0.0,0.0,0.0,0.0,0.0,0.0,0.0,0.0,0.0,0.0,0.0,0.0,0.0,0.0
2011-05-01,0.0,0.0,0.0,0.0,0.0,0.0,0.0,0.0,0.0,0.0,0.0,0.0,0.0,0.0,0.0,0.0
2011-05-08,0.0,0.0,0.0,0.0,0.0,0.0,0.0,0.0,0.0,0.0,0.0,0.0,0.0,0.0,0.0,0.0
2011-05-15,0.0,0.0,0.0,0.0,0.0,0.0,0.0,0.0,0.0,0.0,0.0,0.0,0.0,0.0,0.0,0.0
2011-05-22,0.0,0.0,0.0,0.0,0.0,0.0,0.0,0.0,0.0,0.0,0.0,0.0,0.0,0.0,0.0,0.0
2011-05-29,0.0,0.0,0.0,0.0,0.0,0.0,0.0,0.0,0.0,0.0,0.0,0.0,0.0,0.0,0.0,0.0
2011-06-05,0.0,0.0,0.0,0.0,0.0,0.0,0.0,0.0,0.0,0.0,0.0,0.0,0.0,0.0,0.0,0.0
2011-06-12,0.0,0.0,0.0,0.0,0.0,0.0,0.0,0.0,0.0,0.0,0.0,0.0,0.0,0.0,0.0,0.0
2011-06-19,0.0,0.0,0.0,0.0,0.0,0.0,0.0,0.0,0.0,0.0,0.0,0.0,0.0,0.0,0.0,0.0
2011-06-26,0.0,0.0,0.0,0.0,0.0,0.0,0.0,0.0,0.0,0.0,0.0,0.0,0.0,0.0,0.0,0.0
2011-07-03,0.0,0.0,0.0,0.0,0.0,0.0,0.0,0.0,0.0,0.0,0.0,0.0,0.0,0.0,0.0,0.0
2011-07-10,0.0,0.0,0.0,0.0,0.0,0.0,0.0,0.0,0.0,0.0,0.0,0.0,0.0,0.0,0.0,0.0
2011-07-17,0.0,0.0,0.0,0.0,0.0,0.0,0.0,0.0,0.0,0.0,0.0,0.0,0.0,0.0,0.0,0.0
2011-07-24,0.0,0.0,0.0,0.0,0.0,0.0,0.0,0.0,0.0,0.0,0.0,0.0,0.0,0.0,0.0,0.0
2011-07-31,0.0,0.0,0.0,0.0,0.0,0.0,0.0,0.0,0.0,0.0,0.0,0.0,0.0,0.0,0.0,0.0
2011-08-07,0.0,0.0,0.0,0.0,0.0,0.0,0.0,0.0,0.0,0.0,0.0,0.0,0.0,0.0,0.0,0.0
2011-08-14,0.0,0.0,0.0,0.0,0.0,0.0,0.0,0.0,0.0,0.0,0.0,0.0,0.0,0.0,0.0,0.0
2011-08-21,0.0,0.0,0.0,0.0,0.0,0.0,0.0,0.0,0.0,0.0,0.0,0.0,0.0,0.0,0.0,0.0
2011-08-28,0.0,0.0,0.0,0.0,0.0,0.0,0.0,0.0,0.0,0.0,0.0,0.0,0.0,0.0,0.0,0.0
2011-09-04,0.0,0.0,0.0,0.0,0.0,0.0,0.0,0.0,0.0,0.0,0.0,0.0,0.0,0.0,0.0,0.0
2011-09-11,0.0,0.0,0.0,0.0,0.0,0.0,0.0,0.0,0.0,0.0,0.0,0.0,0.0,0.0,0.0,0.0
2011-09-18,0.0,0.0,0.0,0.0,0.0,0.0,0.0,0.0,0.0,0.0,0.0,0.0,0.0,0.0,0.0,0.0
2011-09-25,0.0,0.0,0.0,0.0,0.0,0.0,0.0,0.0,0.0,0.0,0.0,0.0,0.0,0.0,0.0,0.0
2011-10-02,0.0,0.0,0.0,0.0,0.0,0.0,0.0,0.0,0.0,0.0,0.0,0.0,0.0,0.0,0.0,0.0
2011-10-09,0.0,0.0,0.0,0.0,0.0,0.0,0.0,0.0,0.0,0.0,0.0,0.0,0.0,0.0,0.0,0.0
2011-10-16,0.0,0.0,0.0,0.0,0.0,0.0,0.0,0.0,0.0,0.0,0.0,0.0,0.0,0.0,0.0,0.0
2011-10-23,0.0,0.0,0.0,0.0,0.0,0.0,0.0,0.0,0.0,0.0,0.0,0.0,0.0,0.0,0.0,0.0
2011-10-30,0.0,0.0,0.0,0.0,0.0,0.0,0.0,0.0,0.0,0.0,0.0,0.0,0.0,0.0,0.0,0.0
2011-11-06,0.0,0.0,0.0,0.0,0.0,0.0,0.0,0.0,0.0,0.0,0.0,0.0,0.0,0.0,0.0,0.0
2011-11-13,0.0,0.0,0.0,0.0,0.0,0.0,0.0,0.0,0.0,0.0,0.0,0.0,0.0,0.0,0.0,0.0
2011-11-20,0.0,0.0,0.0,0.0,0.0,0.0,0.0,0.0,0.0,0.0,0.0,0.0,0.0,0.0,0.0,0.0
2011-11-27,0.0,0.0,0.0,0.0,0.0,0.0,0.0,0.0,0.0,0.0,0.0,0.0,0.0,0.0,0.0,0.0
2011-12-04,0.0,0.0,0.0,0.0,0.0,0.0,0.0,0.0,0.0,0.0,0.0,0.0,0.0,0.0,0.0,0.0
2011-12-11,0.0,0.0,0.0,0.0,0.0,0.0,0.0,0.0,0.0,0.0,0.0,0.0,0.0,0.0,0.0,0.0
2011-12-18,0.0,0.0,0.0,0.0,0.0,0.0,0.0,0.0,0.0,0.0,0.0,0.0,0.0,0.0,0.0,0.0
2011-12-25,0.0,0.0,0.0,0.0,0.0,0.0,0.0,0.0,0.0,0.0,0.0,0.0,0.0,0.0,0.0,0.0
2012-01-01,0.0,0.0,0.0,0.0,0.0,0.0,0.0,0.0,0.0,0.0,0.0,0.0,0.0,0.0,0.0,0.0
2012-01-08,0.0,0.0,0.0,0.0,0.0,0.0,0.0,0.0,0.0,0.0,0.0,0.0,0.0,0.0,0.0,0.0
2012-01-15,0.0,0.0,0.0,0.0,0.0,0.0,0.0,0.0,0.0,0.0,0.0,0.0,0.0,0.0,0.0,0.0
2012-01-22,0.0,0.0,0.0,0.0,0.0,0.0,0.0,0.0,0.0,0.0,0.0,0.0,0.0,0.0,0.0,0.0
2012-01-29,0.0,0.0,0.0,0.0,0.0,0.0,0.0,0.0,0.0,0.0,0.0,0.0,0.0,0.0,0.0,0.0
2012-02-05,0.0,0.0,0.0,0.0,0.0,0.0,0.0,0.0,0.0,0.0,0.0,0.0,0.0,0.0,0.0,0.0
2012-02-12,0.0,0.0,0.0,0.0,0.0,0.0,0.0,0.0,0.0,0.0,0.0,0.0,0.0,0.0,0.0,0.0
2012-02-19,0.0,0.0,0.0,0.0,0.0,0.0,0.0,0.0,0.0,0.0,0.0,0.0,0.0,0.0,0.0,0.0
2012-02-26,0.0,0.0,0.0,0.0,0.0,0.0,0.0,0.0,0.0,0.0,0.0,0.0,0.0,0.0,0.0,0.0
2012-03-04,0.0,0.0,0.0,0.0,0.0,0.0,0.0,0.0,0.0,0.0,0.0,0.0,0.0,0.0,0.0,0.0
2012-03-11,0.0,0.0,0.0,0.0,0.0,0.0,0.0,0.0,0.0,0.0,0.0,0.0,0.0,0.0,0.0,0.0
2012-03-18,0.0,0.0,0.0,0.0,0.0,0.0,0.0,0.0,0.0,0.0,0.0,0.0,0.0,0.0,0.0,0.0
2012-03-25,0.0,0.0,0.0,0.0,0.0,0.0,0.0,0.0,0.0,0.0,0.0,0.0,0.0,0.0,0.0,0.0
2012-04-01,0.0,0.0,0.0,0.0,0.0,0.0,0.0,0.0,0.0,0.0,0.0,0.0,0.0,0.0,0.0,0.0
2012-04-08,0.0,0.0,0.0,0.0,0.0,0.0,0.0,0.0,0.0,0.0,0.0,0.0,0.0,0.0,0.0,0.0
2012-04-15,0.0,0.0,0.0,0.0,0.0,0.0,0.0,0.0,0.0,0.0,0.0,0.0,0.0,0.0,0.0,0.0
2012-04-22,0.0,0.0,0.0,0.0,0.0,0.0,0.0,0.0,0.0,0.0,0.0,0.0,0.0,0.0,0.0,0.0
2012-04-29,0.0,0.0,0.0,0.0,0.0,0.0,0.0,0.0,0.0,0.0,0.0,0.0,0.0,0.0,0.0,0.0
2012-05-06,0.0,0.0,0.0,0.0,0.0,0.0,0.0,0.0,0.0,0.0,0.0,0.0,0.0,0.0,0.0,0.0
2012-05-13,0.0,0.0,0.0,0.0,0.0,0.0,0.0,0.0,0.0,0.0,0.0,0.0,0.0,0.0,0.0,0.0
2012-05-20,0.0,0.0,0.0,0.0,0.0,0.0,0.0,0.0,0.0,0.0,0.0,0.0,0.0,0.0,0.0,0.0
2012-05-27,0.0,0.0,0.0,0.0,0.0,0.0,0.0,0.0,0.0,0.0,0.0,0.0,0.0,0.0,0.0,0.0
2012-06-03,0.0,0.0,0.0,0.0,0.0,0.0,0.0,0.0,0.0,0.0,0.0,0.0,0.0,0.0,0.0,0.0
2012-06-10,0.0,0.0,0.0,0.0,0.0,0.0,0.0,0.0,0.0,0.0,0.0,0.0,0.0,0.0,0.0,0.0
2012-06-17,0.0,0.0,0.0,0.0,0.0,0.0,0.0,0.0,0.0,0.0,0.0,0.0,0.0,0.0,0.0,0.0
2012-06-24,0.0,0.0,0.0,0.0,0.0,0.0,0.0,0.0,0.0,0.0,0.0,0.0,0.0,0.0,0.0,0.0
2012-07-01,0.0,0.0,0.0,0.0,0.0,0.0,0.0,0.0,0.0,0.0,0.0,0.0,0.0,0.0,0.0,0.0
2012-07-08,0.0,0.0,0.0,0.0,0.0,0.0,0.0,0.0,0.0,0.0,0.0,0.0,0.0,0.0,0.0,0.0
2012-07-15,0.0,0.0,0.0,0.0,0.0,0.0,0.0,0.0,0.0,0.0,0.0,0.0,0.0,0.0,0.0,0.0
2012-07-22,0.0,0.0,0.0,0.0,0.0,0.0,0.0,0.0,0.0,0.0,0.0,0.0,0.0,0.0,0.0,0.0
2012-07-29,0.0,0.0,0.0,0.0,0.0,0.0,0.0,0.0,0.0,0.0,0.0,0.0,0.0,0.0,0.0,0.0
2012-08-05,0.0,0.0,0.0,0.0,0.0,0.0,0.0,0.0,0.0,0.0,0.0,0.0,0.0,0.0,0.0,0.0
2012-08-12,0.0,0.0,0.0,0.0,0.0,0.0,0.0,0.0,0.0,0.0,0.0,0.0,0.0,0.0,0.0,0.0
2012-08-19,0.0,0.0,0.0,0.0,0.0,0.0,0.0,0.0,0.0,0.0,0.0,0.0,0.0,0.0,0.0,0.0
2012-08-26,0.0,0.0,0.0,0.0,0.0,0.0,0.0,0.0,0.0,0.0,0.0,0.0,0.0,0.0,0.0,0.0
2012-09-02,0.0,0.0,0.0,0.0,0.0,0.0,0.0,0.0,0.0,0.0,0.0,0.0,0.0,0.0,0.0,0.0
2012-09-09,0.0,0.0,0.0,0.0,0.0,0.0,0.0,0.0,0.0,0.0,0.0,0.0,0.0,0.0,0.0,0.0
2012-09-16,0.0,0.0,0.0,0.0,0.0,0.0,0.0,0.0,0.0,0.0,0.0,0.0,0.0,0.0,0.0,0.0
2012-09-23,0.0,0.0,0.0,0.0,0.0,0.0,0.0,0.0,0.0,0.0,0.0,0.0,0.0,0.0,0.0,0.0
2012-09-30,1.494036409,5.0604096274901975,4.7628511738244175,4.54470336213408,4.677774662029037,4.53338557814641,4.363273305468557,4.39482242018774,4.519610061446891,4.36308506281095,4.806066418254866,4.8232301944840925,4.858790639468027,4.630513767449474,4.6138718673808725,5.156736112377819
2012-10-07,1.988263721,1.8064360826596235,3.003485116469508,2.4988359396652107,3.262677232665232,2.7486847831310106,2.5702431752339754,2.620529468206586,2.525778953272534,2.4327310794085477,3.3311841964048265,2.878082529471431,2.920072526904512,2.4329671512315936,2.4478532301382168,6.110597105048732
2012-10-14,1.7085751130000002,2.3603607205596804,3.0518771922734693,2.709257403022047,3.14757122959079,2.8350522863280068,2.747443330842733,2.7847064917828277,2.6491104056063253,2.635837431087056,3.1519115926381307,3.47878311489886,2.9356713184796024,2.7126886057217403,2.6343838098059056,6.060869754719915
2012-10-21,1.563998082,2.0639265619403893,2.7609734720032777,2.5731794202887093,3.002149675048737,2.8114753337807947,2.6554128325925763,2.7496328767275102,2.53495123747567,2.512350372152704,2.9977955821370457,2.56600500970258,2.6331068600659333,2.573751620103257,2.456801372701103,6.395399202386491
2012-10-28,1.712542035,1.8619998780689049,3.5160724188990957,3.2394304235217524,4.0090384633932326,3.452439683014798,3.425427810990098,3.6488972034734535,3.2062222782263814,3.425435376979685,4.119793041426823,3.0180799758160113,3.5424574337184214,3.1292094884481374,3.3745317278621583,7.0802804364606295
2012-11-04,2.11596766,1.9481962172107241,3.5595436713275777,3.808451308695699,5.072465469537366,4.073201835000283,3.789337526057365,4.4693875200112565,4.072883223102826,3.854502955680848,4.731604373230268,2.5371263569480145,3.324823997073896,3.6028176817344035,3.660823696190672,7.380904872539379
2012-11-11,3.0027410910000003,2.226212312304958,3.979917777571748,4.261660199029413,5.483171422646499,4.491664151852193,4.510348795730397,5.133087229103798,4.491557367247756,4.510410138547943,5.013619428651127,3.0864560184753973,3.6137235843424786,3.9081506930344942,4.060425992003373,8.807175693334035
2012-11-18,5.240988254,3.3454158222293997,5.275579464056227,6.104091775793903,6.773350944959999,5.897587774229582,5.892075106604003,6.671977348130178,5.897805788347172,5.91817067735441,6.523452343509046,4.254870563098932,4.939953606647082,5.633033047072287,5.3419808778549385,10.873121066085726
2012-11-25,5.296022202,5.362049205095883,6.646103191770668,6.9207035143954965,7.134306716326903,7.033671679438572,7.023804721685273,7.294980245269422,7.037918187911012,7.041402227034997,7.32243431392805,6.122081619366847,6.156529392941273,6.712220712470835,6.694334420773725,13.666894020922804
2012-12-02,8.764138094,5.4569311527601165,6.853572547808287,8.394478521131049,8.185783460957989,8.629422104677587,8.629204419780457,7.408826864735499,8.72102140718692,8.862675025923537,6.624113718052358,5.810366272240298,6.177348777821465,7.9841029695825005,8.134676451904717,16.770332748262057
2012-12-09,9.772086754,8.7718044206573,10.624594297702938,10.33595814765248,9.839333372438631,10.129232397442511,10.178448901167354,10.012280885338921,10.328440143415454,10.43280275836948,9.785679036795113,11.505982148547773,10.808111548607485,10.250632664164844,10.241513286516808,20.228643930220574
2012-12-16,10.3315977,9.676870990775557,10.787226478915352,11.270004933301994,10.82053776551769,10.97832770019691,11.722607370529316,11.689286828771214,11.411307711162562,11.7302848806004,10.711098256376944,10.61493332465952,10.814581100401714,11.225330094844237,11.339307113022025,32.34403473760468
2012-12-23,12.1174326,9.831901384990847,11.186179828468637,11.288537462988742,11.185808789738953,11.608271135160749,11.913927338461606,11.545519799375407,11.608880517391226,11.914132579414089,11.17954891224268,10.584743995901,11.172290906611966,11.305579242430547,11.567251232937744,32.16998901145382
2012-12-30,7.661040912000001,11.492611050691847,12.052950409583294,11.8089106316946,10.789956651432442,11.746741558884208,12.02482011734567,11.881511330898292,11.747613807311449,12.02547774231916,10.93504981933578,12.444357987773286,12.016152038740056,11.827731050461535,11.744719123240195,27.0706752686444
2013-01-06,7.416102747999999,7.825558801524949,4.622747788981319,8.60056922799636,4.797559571708575,5.908738096289245,6.199702086048688,8.373062140234579,8.21080991206318,8.20734001614419,4.659907463088951,5.2764687678245386,4.4894771598874295,8.483158745404452,7.706226235725574,31.74052553134133
2013-01-13,5.908452267,7.0490641935193885,6.255120699822736,7.731626396090356,6.6405235412674966,6.703058316573073,7.785646571491577,7.898394086345893,7.8522114578122375,7.785548418161367,6.330089712848372,6.282456046506701,6.100617909583863,7.661881273906179,7.736381086318485,24.60013009094461
2013-01-20,4.763434814,5.526400377759748,5.189765013637358,6.387718152207887,5.493705663293327,5.503288884542477,5.503607933398656,6.470851284319058,6.473269780261225,6.477893247434548,5.4351674493176505,4.905114723691926,5.202998854521722,6.302697676442634,6.374304354465626,18.433938650171516
2013-01-27,4.46755968,4.219668400270328,5.3549174925446845,4.983968476406796,5.459063500550709,5.430189758148113,5.420799255567029,5.496502939870801,5.326771843139328,5.339079233968428,5.4013501670463375,5.603998337382958,5.397073425533841,5.111189877069202,5.124240144376703,14.410543941749182
2013-02-03,3.861266435,3.640025886664764,4.439446684120423,4.663812073845484,4.642807770936561,5.158246622175432,5.146316070269477,5.319520532442388,5.052373535181447,5.092875322487315,5.295843434437533,4.347502005719206,4.405632716596946,4.26397809463889,4.995573856833407,11.458547599502234
2013-02-10,4.128440367,3.7904934411356814,3.4524708260317998,4.393424080355765,3.573641798344773,3.9511504987741457,4.136557841335047,4.603496888325852,4.805987411122988,4.739133327979006,3.602553622947154,3.1243047435071767,3.5432538795616164,4.422544350534864,4.564179188775934,10.466260927031783
2013-02-17,3.058603782,4.044103872555706,4.401531036227378,4.462085485827871,4.630156832977462,4.783649288511106,4.668341900678052,4.580522795960987,4.683197669986383,4.668341900678052,4.264594280102417,4.163770630016879,4.531747312424142,4.461221512439273,4.301458125047917,9.7836400270635
2013-02-24,3.396320653,3.3969376476224524,3.718038729520524,4.20110073603044,3.5949400172316786,4.243225338921041,4.222943861283875,4.352568228919739,4.243225338921041,4.222943861283875,3.2352535620426743,4.002566362552697,3.8993334608029784,3.983048249337489,4.182671892403942,9.078415786036665
2013-03-03,3.194734307,3.6764585412438855,3.842108000283471,4.657624466341762,4.220390454857162,4.427167601858428,3.9806739871116315,4.992931398459444,5.100542173354339,5.198669268312547,4.004300903074823,4.604148873160258,3.951809056714312,4.251670674499752,4.294050672516144,9.747474681369816
2013-03-10,3.333613234,3.494596748381208,4.219136651326538,4.070316966875101,4.58364702410922,3.9400759996639843,4.109049843835957,4.2735242275618175,4.245974539004116,4.109033274225961,4.393024582344465,3.6751199918661914,4.110868735171681,3.9573226327859263,3.988361171877279,9.220816834705543
2013-03-17,3.894564028,3.6954762307500912,3.8585755404106914,4.357901979000926,3.1733872829848093,4.114392245421029,4.054854153394797,4.300022352104076,4.066372720628884,4.054854153394797,3.6579898457870095,3.6146037332982632,3.838759009740024,4.182476188531002,3.9703671051045504,8.495249586726013
2013-03-24,2.085230377,4.074992671507471,4.668713558738856,4.366690919280896,4.683042902728936,4.204064899331021,4.203489841120755,4.7811312615132735,4.204064899331021,4.2036651144109785,4.600618092029493,4.596778137455583,4.66153987619108,4.452047760929814,4.174509931606579,7.982153744696871
2013-03-31,1.908235095,2.8515179273154563,3.401774036301201,3.4080511153629587,3.5328908835828576,3.0818502645425014,3.0819923303733807,3.6113545425770175,3.0818457807454065,3.0819923303733807,3.573965081431953,3.206156111325007,3.4638115724215717,3.376262382694056,2.9655752305636502,6.976305067591289
2013-04-07,1.192016263,2.475650760073181,2.791485406168416,3.0431869419875963,2.9217626178588465,2.751965491237645,2.7531210706635334,3.2129588645400644,2.752064611055191,2.753016344063309,2.9972289032620374,2.708468277491744,2.7055053951535584,3.2520915298904622,2.660005936714005,5.360166181904789
2013-04-14,1.106862548,1.8918324924334708,2.3691246419228014,2.303620254797152,2.7965786170498825,2.077357254029369,2.073383541348357,2.44979330084769,2.077357254029369,2.073383541348357,2.5393553177739148,2.42791693051929,2.0866013234836633,2.043070478961729,2.0066240643929225,4.413086191551443
2013-04-21,0.660814676,1.6202302143723415,1.9465400203270076,2.1382282128957595,1.579883428679843,2.0224811253258763,1.8642101275602043,2.3470457231561674,2.0224604812388445,2.013440887291269,2.0765481698438557,1.7566725679041562,1.9836194930591131,1.9274143217506332,1.8653552708029024,4.128284094213683
2013-04-28,0.7394474679999999,1.016238013789322,1.623882765224289,1.88251568425804,2.042484589390762,1.658038345673317,1.661245143326917,2.0076928527549467,1.658038345673317,1.661245143326917,1.8643335647715256,1.4720883185653744,1.4862141410803251,1.4574914589828718,1.4532266843688908,3.673956938936779
2013-05-05,0.6775774,1.374171691144365,1.480644395574425,1.6448175236480251,1.6874945265691208,1.5463824282276115,1.622896454008337,2.016040799811119,1.6062670808696675,1.622896454008337,1.6227884617565191,1.6394098573278506,1.5557755624360248,1.4318509186731032,1.4238301576970065,3.662655268407503
2013-05-12,0.5972222220000001,1.3949299809307802,1.4404001595546203,1.6080243757375867,0.4955036462922982,1.530418404209767,1.5725230506057182,1.995983921669468,1.5304165892723702,1.5725230506057182,0.4609094384009898,1.6451983732858513,1.3206295785362454,1.4026432252828074,1.3900121387863424,3.230931454189152
2013-05-19,0.803646396,1.2038300061250462,1.604762813033028,1.4904075916611967,2.1193508924053246,1.4085116686429338,1.40236263468397,1.9355872277330115,1.4085116686429338,1.40236263468397,2.0032928191264183,1.5716694765466226,2.113672012735505,1.2989520762977929,1.2142087050278354,3.633270925031385
2013-05-26,0.522759148,1.3921279773006838,1.7342798224423426,1.558287967033087,1.848651437035258,1.480785872098262,1.477691581214709,1.9415744848273908,1.4807765913634885,1.477691581214709,1.8872009874108708,1.6782903496564412,1.5955763274651718,1.4255805901999798,1.370237326225992,3.2399727906125726
2013-06-02,0.382432766,1.2401986485537928,1.318968091678857,1.3329063259904368,1.7557895505391432,1.281772477074206,1.2746148513238342,1.7618137098486315,1.281772477074206,1.2746148513238342,1.5554923944934758,1.2074758608298568,1.2239322567676585,1.1992194911558558,1.15542731364728,2.7268769485834325
2013-06-09,0.427350427,1.0430781568542278,1.1140936220838813,1.2530344427441813,1.5330930357915085,1.0630222786496228,1.0868949544752675,1.536569970741402,1.0630071468619708,1.0868949544752675,1.4205048341199895,1.0224864541602114,1.0238722330645027,1.1129433568150406,0.9405392673448296,2.6681082618311955
2013-06-16,0.598395213,1.0016255557088134,0.8779328713071757,1.1596589292322688,0.8796460110628117,0.893826832943756,0.9224960299511782,1.2482475962267592,0.893826832943756,0.9224960299511782,0.9608137381836944,0.9026676999478164,1.0804544588686706,1.0861737978147183,0.9081721421064052,2.6251619138199467
2013-06-23,0.39698293,1.2147132090248225,1.2917689375382329,1.3490097103106526,1.1308625983204361,1.1959218127422022,1.2127985133716388,1.490852309550525,1.1959372731779092,1.2127985133716388,1.332369453397292,1.2146223558565925,1.2395376598554058,1.2721216239050603,1.2193182818274848,2.5528312224325793
2013-06-30,0.228945217,1.0574510665917551,1.2492902737374312,1.1597766913856633,1.4705603835202423,1.0079762706663469,1.0010558298190158,1.2952755086345005,1.0079762706663469,1.0010558298190158,1.5013262602408028,1.1500439604869848,1.139560343469341,1.0827644085921158,1.0571477853869138,2.4375541830339618
2013-07-07,0.246689172,0.9421633983300629,1.0143325747979133,1.044407014721815,1.1232983607521856,0.8777018934818859,0.8776352874350803,1.2109658109812331,0.8777018934818859,0.8776352874350803,1.118087218224908,1.015442063302308,0.9624714745826304,0.9551641544983892,0.8190119721933269,2.5347485495857365
2013-07-14,0.285962949,0.9221761971460388,1.0528866600380025,1.070464732159834,1.2791450292562718,0.9531882535097926,0.9549333789085476,1.2802254255265524,0.9531882535097926,0.9549333789085476,1.1416153805227849,1.1011227301930226,0.9333317044822872,0.9259958634247673,0.7571616138293273,2.4398145171398165
2013-07-21,0.401090967,0.9635935901559879,0.9978592423774688,1.090525961528897,1.2089153535019737,0.9493725107776484,0.9556998823258612,1.2431113794710424,0.9493725107776484,0.9556998823258612,1.1501868996054705,1.0107970950020215,0.4787761548626488,0.9245307235342736,0.7929036935708869,2.4985832038920535
2013-07-28,0.416287238,1.0134357555077584,1.146094238833096,1.1479950112179869,1.3747569667988495,0.9520192526035492,0.9873219644783272,1.3553851077542252,0.9520192526035492,0.9873219644783272,1.2934084257729657,1.1647112841402087,1.0213639301580402,1.014987036074293,0.8449875478621123,2.292892800259226
2013-08-04,0.31812064100000004,1.0052645447605777,1.094192714057519,1.0965264228040563,1.2647657812601931,0.9060675536621434,0.910231497323037,1.2283562846516638,0.9060675536621434,0.910231497323037,1.1940515941343328,1.1562514779337203,1.0230521658770215,1.041533740204729,0.8196442366391845,2.4940625356803423
2013-08-11,0.307495195,0.9281354391230424,0.9977809830454788,1.0207729982842697,1.2404431764528139,0.8002582980499859,0.7320620927034933,1.2300662782286302,0.8002582980499859,0.7320620927034933,1.0845930555969965,1.0307324268196845,0.9257027181863284,0.9485571994287328,0.7130484030883593,3.059146062144153
2013-08-18,0.420382166,0.8918394903911739,0.9362259707406556,0.9927998554320444,1.2316287733158535,0.8290190917467251,0.8098912124771225,1.1405736586635349,0.8289621469715742,0.8098912124771225,1.0482253588226675,0.9410202350270328,0.956834065996142,0.9555518487948872,0.7555593743961535,3.2716174680945462
2013-08-25,0.449848024,0.9897965673735832,0.978990890889528,1.0884130650956043,1.2979624652493178,0.9503774667080336,0.9546709771338716,1.3192868681200034,0.9504035301436926,0.9546709771338716,1.0673083790230704,0.9920017636478072,1.0145390853979102,1.0569431426214346,0.8995180523697344,3.640051927348951
2013-09-01,0.794537554,0.987132872508397,1.0008644221211465,1.1072303788910989,0.7471427917343574,0.9912549790615196,1.0244471752578783,1.2801416022464611,0.991190124328616,1.0244471752578783,1.0879885127162132,1.0584961290920147,1.0057031682608204,1.073229522597185,0.9940694912515085,3.4117581826575716
2013-09-08,0.739140323,1.2552911162263432,1.3886240135977368,1.3789154981994582,1.14747762287027,1.300443302576154,1.327908538947086,1.568502662759324,1.300443302576154,1.327908538947086,1.437239125508648,1.342612614829728,1.360801014568004,1.3562796535201311,1.3041055976314135,2.862496994934747
2013-09-15,0.665083135,1.2224762286675397,1.3047344787345412,1.3224369778913276,1.5268376239476091,1.235447559514988,1.24174358452998,1.5048638937533467,1.235447559514988,1.24174358452998,1.3934865089838593,1.3374403026043702,1.2558541049051994,1.283648744120192,1.2233804444717782,2.9167450134752726
2013-09-22,1.55075188,1.1441492055171767,1.429837693338,1.289346153986834,1.880325894346667,1.2413669264794045,1.2413287464045863,1.4958147204775585,1.2413669264794045,1.2413287464045863,1.4938378394255358,1.443543056333973,1.382864545412997,1.2532238450636175,1.1684008464304858,3.4569648647746765
2013-09-29,1.517643541,1.867702767743896,1.954950807495564,1.9924272079847944,1.8713760629566891,1.8729915974298736,1.8798516102644984,1.921692586408136,1.8729915974298736,1.8798516102644984,2.0704494887168403,1.9545371817477089,1.800216858195548,1.9010774622455664,1.7338475734127876,3.563200567749872
2013-10-06,1.627715971,1.8568525466956767,1.9244214386583285,1.9613828944804643,2.0634952420970984,1.7841967735032995,1.8572863022679842,2.0608087816776983,1.7841967735032995,1.8572863022679842,1.9616902877183384,1.9565736943937109,1.8091118635289585,1.8748597301063823,1.7367947518272775,3.8593043356169088
2013-10-13,1.5299801780000002,1.8800303032576755,2.0324103490458203,1.9965558756385933,1.967340864565156,1.7753128073105409,1.8268761545604004,1.932041227845868,1.7753128073105409,1.8268761545604004,2.058289729583993,2.0464781321777545,2.0101938867463565,1.9021095358534577,1.7571951934782688,3.9700607068038165
2013-10-20,2.9317423660000004,1.7565551598578455,1.6695236865593612,1.844690293497228,1.6943841537798892,1.716435431148074,1.7472317650010512,1.918427607058792,1.716435431148074,1.7472317650010512,1.7861133790257169,1.7229452389256663,1.6445464456802412,1.8511476878222404,1.6766317347650184,4.275205811094274
2013-10-27,2.826765137,2.974117445475488,3.186490608081621,2.9391572572359106,2.6409111140564097,2.8715531475983815,2.899968425289245,2.8392937458992757,2.8714030555611743,2.899968425289245,2.8701071189765184,3.315185600719876,3.1209767345637416,3.0326403290793453,2.8705282385156896,4.358838173010918
2013-11-03,3.203463203,2.8964027894119435,2.648326586903845,2.9500734372077733,2.5564559122829977,2.8240643545406763,2.849886157259609,2.8881530779368467,2.8239791320818446,2.849886157259609,2.7431268968848754,2.704586249744401,2.868384952173176,2.9977856894397634,2.836060369441016,5.025636734238214
2013-11-10,3.307405713,3.2172871661207068,3.2453848212273053,3.3229848062374403,3.7478204815529295,3.233954133491962,3.229246131867604,3.341965526607925,3.2110075954634407,3.229246131867604,3.802766399296954,3.4181120211605887,3.346473824686668,3.3480145582756773,3.237716373922648,5.568116919643471
2013-11-17,3.769572782,3.33576423441864,3.5555245455860245,3.5697672880454188,3.5170334250121664,3.700969800655277,3.675419120211192,3.9558691195646802,3.700836932452288,3.675419120211192,3.5478645631004087,3.3893687399756622,3.5719540329877586,3.566828952100748,3.643113068000464,5.161256780589528
2013-11-24,3.86407767,3.710548026444834,3.953242044010032,3.9786922481655873,4.9056450672678436,4.009428953920894,4.00961807294169,4.365388563810466,4.009428953920894,4.00961807294169,4.103669200897846,3.9293147636772976,3.944365415186512,3.948112057616294,3.9786743375114098,6.510676241785108
2013-12-01,5.90269047,3.809027129640575,4.158839228287347,4.134901878653944,4.25574631248363,4.2306480101404444,4.231643372426197,4.963659787020057,4.2306480101404444,4.231643372426197,4.626193764238467,4.072260297817708,4.162525327641074,4.1386273709514025,4.308236993621645,7.412549550021351
2013-12-08,6.341898114,5.5849827678031465,5.8666575940971954,5.839897620583607,6.502558723162983,6.006227171824103,6.010559455684291,6.5809157369677544,6.006227171824103,6.010559455684291,6.026541651904719,5.935300978990787,6.029154010689249,5.942414521271175,6.2604145175995125,9.175610152588439
2013-12-15,7.011476182999999,6.009954325152697,6.8099730187682495,6.785588998217786,9.80033626843051,7.539843770746829,7.52934626786424,8.164706573863121,7.539843770746829,7.52934626786424,8.079353186398281,6.339072938743732,7.906751504458024,7.025170665680363,7.769551595881267,16.02216215922397
2013-12-22,7.460474307999999,6.690608229403857,8.179671777556976,7.314925775326824,8.603157602191446,8.025251546241982,8.025684799288596,8.585505577187778,8.025251546241982,8.025684799288596,8.242344967481353,8.723886963057598,8.12320438699296,7.712636233529311,8.1552642568731,19.652258733227487
2013-12-29,6.913664756,6.986165288287134,8.079943866004676,7.222507147050936,8.995905219151881,7.388892972420436,7.387889790580318,7.572703100233373,7.388892972420436,7.387889790580318,7.2077939136336,8.190814705226044,8.083587811529256,7.3486588662634125,7.469298961640818,16.089972182399627
2014-01-05,5.124250214,6.617347466347129,6.614374214679014,6.48498397265422,6.6315710570871405,6.608069411682737,6.6078728708939805,6.599948226622321,6.608069411682737,6.6078728708939805,6.37526952551554,6.7425658150400105,6.559297852174394,6.4389084935165775,6.576006826825401,10.131731479365207
2014-01-12,4.421171013,4.909706345232698,4.846829357658299,4.985632292753881,4.444163318608541,5.055025281058235,5.0550309617299245,5.030659144037734,5.055025281058235,5.0550309617299245,5.0029200351918,4.85343966709283,4.871965419042977,4.918534324051942,4.998554103909973,10.023235442284156
2014-01-19,4.905885359,4.263856533692209,4.5427804417227335,4.412639878504441,4.5524523484873916,4.460712990701866,4.460710556151744,4.579319422606278,4.460712990701866,4.460710556151744,4.5150383798129115,4.610478543738164,4.377816459959547,4.382139987296416,4.426918448875963,7.297272510622733
2014-01-26,4.191724262,4.672162942847875,4.5631200638971725,4.618898342998867,4.452383949952182,4.653255508789028,4.653179104279962,4.504951250664213,4.653255508789028,4.653179104279962,4.546374192627084,4.522023555494452,4.547793737102043,4.571508208477239,4.621805826796614,5.705997300100642
2014-02-02,3.621146835,4.043064873112187,3.9126313000915207,3.925282164944185,3.9232692380603673,3.935359757376913,3.934593799185336,4.009541311122262,3.935359757376913,3.934593799185336,3.8163294567719626,3.9757539274231695,3.8847391153794284,3.904429287463983,3.9123276183852647,5.380509188857489
2014-02-09,3.063807113,3.540666589397352,3.5413243762444138,3.5246544431509856,3.642378159809768,3.5232341985918096,3.5232350401456967,3.6489499413808835,3.5232341985918096,3.5232350401456967,3.4817086286297507,3.7474747158855917,3.5281186496220225,3.5192506105093067,3.5157193812565035,5.2290668037651855
2014-02-16,1.964975746,3.0532219519563903,2.9826080385638534,2.9857268236854937,2.9174819946163484,2.9519405346780374,2.955418586059221,2.9215082466678925,2.9519405346780374,2.955418586059221,2.894538335720393,2.9499711311513166,2.9596887254737587,2.9696833450277214,2.9503628082545745,4.051432734614605
2014-02-23,2.172430589,2.0926347863838544,2.1991856378843333,2.2062995992370342,1.5960968278754168,2.1403450744711225,2.1276367495335,2.2172458534011774,2.1403450744711225,2.1276367495335,1.508374513803181,2.1876017665790557,2.1876974368765136,2.1796781378741423,2.1180174777890888,7.570772937431218
2014-03-02,1.998628392,2.271042795958,2.2431533609926935,2.170291907837941,1.891751611867655,2.0726926767208798,2.108688710698454,2.0453888540146608,2.0726926767208798,2.108688710698454,1.7439556026500616,2.3829433652286425,2.2330253421831574,2.1120667171300926,2.0634014091065773,6.9310983854741846
2014-03-09,1.75817064,2.1199557126593382,2.225208225853894,2.1369256311802376,1.819456358837696,2.0845214587561856,2.1109617722511937,2.1516582263034545,2.0845214587561856,2.1109617722511937,1.8399181645419125,2.266088782246287,1.8400641034781289,2.1174685758664014,2.0699765673454182,4.7656983120648615
2014-03-16,1.443367122,1.8142223375697264,1.3787968772983936,1.8944644161923745,0.8620659809484859,1.8330008116835632,1.8424718551643533,1.8775783698153985,1.8330008116835632,1.8424718551643533,1.0717258188417018,2.0041091254969587,1.4307157560837782,1.8764146025446224,1.823820047572152,4.607474924654994
2014-03-23,1.400186692,1.5347999191953905,1.5506039797164206,1.5926944546389388,1.6760734858869273,1.5871319045896581,1.5650990508470568,1.7700035538262,1.5871319045896581,1.5650990508470568,1.6414334676044806,1.7995551346042131,1.5291963149551249,1.590433532415655,1.6067346715309112,4.489937551150522
2014-03-30,0.983606557,1.4940018995195867,1.65759568105396,1.637632050241766,2.338561093699617,1.6802468192825453,1.6495846303797224,1.9195751202896785,1.6802468192825453,1.6495846303797224,2.02967839536214,1.5858106904008569,1.6198313966536175,1.635767879759383,1.6794190103864588,3.8593043356169088
2014-04-06,0.993454885,1.1145577163420834,1.1949328420675176,1.3054939802876524,1.0408789036049266,1.3521082125452215,1.321571547176963,1.6443255654253308,1.3521082125452215,1.321571547176963,1.21923167585551,1.2426681369860717,1.3025740169763769,1.2885225681698669,1.3206682889387933,3.7530686326417126
2014-04-13,1.365795724,1.1397372919061517,1.3693223966872128,1.3102394801328905,1.7321125286745451,1.359650105854508,1.3273003898915663,1.6216924151959586,1.3596499139262357,1.3273003898915663,1.399285461265733,1.2481929079571552,1.217540960756891,1.2896031636357017,1.2904887883094662,3.3258654866350716
2014-04-20,1.568360041,1.4366901322880796,1.6445319086976251,1.6076373558413537,1.9846537204577024,1.5777137437010305,1.5777075986699924,1.9419043070169328,1.5777137437010305,1.5777075986699924,1.5703544383096537,1.4742288966650112,1.6296902324664233,1.6035184127176954,1.5631531548191089,4.022048391238487
2014-04-27,1.3565891469999998,1.6130112264279073,1.7296620514156962,1.728095341499683,1.9729618072838893,1.6762892356466277,1.6762858862628434,1.9727001334627985,1.6762892356466277,1.6762858862628434,1.5710259901862225,1.6150591178698497,1.7284645662607971,1.7130151815914314,1.667617290006194,3.0139393800270486
2014-05-04,1.454589903,1.3934145427573679,1.4949198187347108,1.4450790365474182,1.6061907161704614,1.4060749988832841,1.4060726910011234,1.5968999018215395,1.4060749988832841,1.4060726910011234,1.3345909671704959,1.6143351529368488,1.4834080227723432,1.4346532598484054,1.3914607490592852,3.4162788508692814
2014-05-11,1.52173913,1.4948522601686358,1.598281636764654,1.55911706956024,1.7033879702849268,1.6067177083281403,1.5647883722488918,1.72231533803915,1.6067416959864813,1.5647883722488918,1.4211447920579656,1.7646754816215535,1.5941180676464757,1.562214681045746,1.5911462450966565,2.923526015792839
2014-05-18,1.489444372,1.5018903712360303,1.6155688310536618,1.5135136145870185,1.6375184841702173,1.5704739424305132,1.5148417817629483,1.6769569544975496,1.570473181116907,1.5148417817629483,1.3678175912994581,1.843054511750278,1.61784922019693,1.5128877407834955,1.5602538947553175,3.4162788508692814
2014-05-25,1.120147307,1.4319241925895967,1.8016929072312668,1.5316163789281432,1.923143404027887,1.6088089723939651,1.5846221994023797,1.7289979842601129,1.6088078314836167,1.5847217076688485,1.7204069966229585,1.6640090955657634,1.8052266214688648,1.5275622387549554,1.5988057022619244,3.6174485862903984
2014-06-01,1.269490824,1.0792373297975162,0.9815129547937111,1.2406984676675772,1.4630522621367699,1.3223652775695376,1.2721627385131478,1.4470254926132022,1.3223603695422743,1.2722281706725218,1.2902520852796202,1.1339964831705418,0.9257186862735898,1.2327046865524751,1.3034265097330011,2.9687326979099438
2014-06-08,1.316624365,1.200940510901819,1.38748535621705,1.3019629734196592,1.4017750242022715,1.3788056974811882,1.323952524295511,1.4526465063856788,1.3788297829485694,1.3410166733945073,1.2271909513525858,1.5173416504508062,1.3712456897047347,1.2869056471357836,1.3656940838597191,2.74269928732442
2014-06-15,0.935828877,1.2745004137375917,1.2894022570231056,1.2629012475521724,1.3998273881720698,1.3174429280297502,1.2831166035973978,1.3503546314818395,1.3174627557331302,1.2862361446136197,1.2383268281673008,1.4587668856802187,1.2959787718309683,1.2714344627718517,1.302429919751043,2.7065339416307355
2014-06-22,0.923861102,1.0419485206421282,1.1458225471974144,1.1265281015505062,1.2411421028526841,1.134382628496911,1.0958848037714155,1.2818128968238338,1.134382628496911,1.0958808384588967,1.0925171034934515,0.9749222602270692,1.126827151313356,1.1212685303213143,1.102868909848863,2.3629631575407384
2014-06-29,0.90747682,0.9649419490676998,1.2083907629427946,1.0855383376041807,1.3803801727195557,1.0437662589169936,1.09243440189953,1.2273132173466086,1.0437662589169936,1.0963122744740097,1.2639120553904464,1.2370635358763746,1.1941560148315271,1.0790643600556322,1.0467260988414582,2.3923475009168564
2014-07-06,0.7280785059999999,0.9540005056140964,1.030557315234625,0.9528005395227891,1.0010949721077649,0.9306309873242182,0.904084849179065,0.9912032316181224,0.9306309873242182,0.904084849179065,1.0184208123162972,1.2643159574274774,1.0151212661878597,0.9349223611693436,0.9139778883369712,2.6432445866667886
2014-07-13,0.7587988379999999,0.8217577657658617,0.9914793192799112,0.917038944231678,1.059176730340195,0.9024006816637502,0.87819790937756,1.0328304568315174,0.9024006816637502,0.87819790937756,0.9655063139694192,0.979573448441849,0.9710127495572194,0.8880003170616781,0.8823002205425009,2.688451268783893
2014-07-20,0.8819206270000001,0.8693267418660819,0.9060262829824884,0.8460959302577309,0.9161064258309142,0.812152950074958,0.8034088572791482,0.8928807697401095,0.812152950074958,0.8034088572791482,0.8105736876976346,1.0816643339247525,0.8130138788963249,0.8162572006195443,0.8062566944381357,2.385566498599291
2014-07-27,0.648323846,1.0062750974520578,0.9180759433618946,0.8808908871009207,0.8806204577245242,0.8603444984027369,0.8425958760469334,0.8805842145495529,0.8603429098588278,0.8425861410763336,0.8345023000951064,0.7681687958759662,0.8766852829041191,0.8773571843174108,0.8489948622565193,2.1663140903313325
2014-08-03,1.02010201,0.7682627942446438,0.7615055271096578,0.7758806643607428,0.8540865022406212,0.7858650013610258,0.7980564968640681,0.838239789529843,0.7858579739266669,0.7980292484792995,0.7896530152430494,0.7940281415940649,0.7228667306983471,0.7741487433035891,0.7689806521984661,2.245425784036266
2014-08-10,1.289461983,1.0641941118200835,0.8989986199593119,0.9631808984596121,1.0106025724193486,0.9878470617665696,1.0008735299411122,1.0134079545109749,0.9878412249298116,1.0008982798341912,0.86358172468741,0.9587979648777978,0.888166407179511,0.9674066169141398,0.9994593933226454,2.5844758999145516
2014-08-17,1.569348226,1.3047229683625559,1.1442637140870713,1.1876813635284234,1.151718185671624,1.2360275637644524,1.259242222931893,1.2419568389826272,1.2587229907323612,1.2692715255575202,1.068863065597191,1.0857309424306112,1.1792529501233155,1.2028916500991595,1.269999538589897,2.970993032015799
2014-08-24,1.713483146,1.612697930707141,1.3645522105922674,1.3232660681925124,1.2724918288198763,1.3679363754045275,1.3807050068606077,1.4239446844502197,1.3729792199684925,1.3845041182771007,1.2390611633986877,1.637199896490936,1.3790626114600908,1.3397972219012528,1.3902133783532076,3.569981570067438
2014-08-31,1.817355747,1.7250594083025623,1.498524009883582,1.4585682705338283,1.5425210920534183,1.4473243454052809,1.484293654217669,1.4821822901886044,1.4473243454052809,1.4842951731612224,1.3849158817375058,1.6638677058279356,1.5299676503038822,1.4882882507843256,1.4732452637227609,3.7688909713827
2014-09-07,1.755952381,1.8470590649140477,1.6205951029991916,1.5414911601461951,1.7403200369053242,1.5032407993043957,1.5906820735907383,1.6814290166017762,1.6483849604058125,1.5983115999021684,1.5292169064338987,1.7800731967587662,1.6520738180288013,1.5657101265387818,1.5352217521823608,3.766630637276844
2014-09-14,2.126468942,1.7826814011513732,1.7459957666314034,1.4451685301121742,1.8026845805166918,1.4671999853173237,1.4347628986246477,1.5110299012314874,1.494195292365796,1.4352527356618194,1.8540152087671569,2.4582984758674327,1.999124896904079,1.4722862959955376,1.486147841256627,3.434361523716124
2014-09-21,2.045420364,2.154507899962475,1.8394939198988405,1.5812471404907733,1.923406473454408,1.5965469782391986,1.5319128296947049,1.645105734316027,1.5967560551428668,1.5319656225862468,1.7643497912725759,2.330635378890904,1.8959781366857296,1.7421647504510591,1.6324700776350567,3.0161997141329038
2014-09-28,1.577686998,2.0717100990609856,1.567625389862338,1.6988813635869158,1.481629246004453,1.570495667848649,1.6391309321542833,1.6111613477264477,1.5617797139943408,1.7030806128346168,1.4882409780889232,1.8291466419962603,1.5586081518318704,1.7021075018671283,1.6145143290007256,4.431168864398287
2014-10-05,1.938782757,1.7789114513030806,1.4721570298988644,1.5172130464689049,1.860023727617288,1.5733585474170186,1.3830037715037655,1.6673325846425602,1.5441855469582368,1.3830037715037655,1.6710870347800781,1.832407278029461,1.564402134723309,1.5777441414164834,1.5872598064406602,3.734985959794871
2014-10-12,1.630804077,2.0933283344160016,2.1194765294777365,1.900728375002156,1.940778340859366,1.8453913620199651,1.6053377581234782,1.8002105074122283,1.7990790015556883,1.8940380916295811,2.011504977355147,2.4459518690983115,2.1753642681481464,1.993241731157464,1.7584068297815705,4.618776595184269
2014-10-19,1.731053409,1.851337058891804,2.2661832249514315,1.4931943786661994,1.7728677279026517,1.7545252969897116,1.5891124976353992,1.4397747122760671,1.3043982483652297,1.5245492370943428,2.0635997147852185,2.021390994176232,2.0047092171603618,1.5178475302410326,1.330782419983347,3.9971847160740785
2014-10-26,1.981588391,1.9437140346998207,2.1118566218095065,1.476529795442238,1.7844108739403388,1.2667107207506465,1.6889368784808734,1.5129845714770471,1.279225618947261,1.5586275437833568,1.269431085988493,2.056303415201916,2.0802639480143137,1.4950687420392657,1.3269340661638132,4.641379936242823
2014-11-02,2.513300312,2.1770236383633184,2.257105460654955,1.7520469507075176,1.8146596055016369,1.7814943671666,1.8343563654608777,1.6575927031230722,1.4202527857196166,1.6736806388650758,1.2789096804221431,2.3350134533981133,2.434826436684024,1.8734160883929496,1.5577991247432441,4.437949866715852
2014-11-09,3.894913701,2.6539589775879366,2.106109075577642,2.0385469044860045,2.119957781383232,1.8893906100132605,1.9726668106585663,1.9517362564718173,1.663490756889055,1.9081478573153507,1.3468542276130322,2.9698653747934163,2.1360139480365974,2.191696889746972,1.7542239932597343,5.629145940501563
2014-11-16,5.619982159,3.9088097876439374,3.1343813273817425,3.1699944801119964,3.153199880448152,2.8873243955936467,3.2811410986634217,3.120826744601908,2.559692779182754,3.0542527519730482,1.8925792021750891,3.6409119621219217,3.1581180983979342,3.1847191879804044,3.0026815911371663,6.926577717262473
2014-11-23,7.262164125,5.542599653285341,4.281701982450722,4.098067839856308,3.5463124679618665,4.338277915764933,4.3229660807735355,3.79313744077137,4.334521761183392,4.421012005045472,2.8603029270862885,4.3457231875527205,4.386413054893408,4.179663652781576,4.580898231258899,9.266023516822651
2014-11-30,5.01345895,7.127148384638666,5.046566127946922,5.463417161943681,4.033945021378541,5.5845634083133735,5.531422118468502,4.79313599079127,5.559512424998291,5.532818930576871,3.4470550607655346,5.872782373467477,5.235775098366627,5.964914811145015,6.187574803868976,8.624088630759761
2014-12-07,10.10722301,4.953554994545879,5.052892647126235,4.8540664695213405,5.198997083030051,5.154262041015128,4.948718101185289,5.153272103952921,5.0313616671292385,4.881961616955544,4.9694277605958135,5.3377971352854265,5.194951216396853,4.909469703073531,5.013223804752763,9.553085948266265
2014-12-14,15.33048505,7.9189692454540905,9.383027238068145,8.217083035376383,8.558255161133474,8.873439667727526,9.103558284200158,8.002675860130973,8.873439667727526,8.800101876317953,7.4728520547524715,9.664712002564052,9.288885755027293,8.098830714420616,9.125455455355727,18.038380181646847
2014-12-21,19.41769571,14.423806372393935,13.524575133531325,13.994922540532976,12.577428022229775,14.483993780769728,14.163525280499982,10.818410456087511,14.483993780769728,14.163525280499982,12.689525799228878,13.790047030012255,14.129909631185093,14.345395532058554,16.013485632621826,24.835204837953558
2014-12-28,11.22119559,19.403101536152246,15.175130113127635,16.82315867573377,9.022071226339552,16.199009697014425,16.97985503380407,10.863872396198232,16.140944224438186,16.978508614105454,10.6518464810787,15.501497502024732,15.710421795134373,17.392376569926114,16.4719405274103,19.261220932914533
2015-01-04,5.429162357999999,9.87584685931884,9.583682047436202,8.131895969000396,7.051085747780223,9.099011260699797,8.867451621512322,7.435730800659054,9.033164221299813,8.674593812276793,7.095820889348057,8.485706257483125,8.761939768653644,7.878748253913997,8.884501858098426,11.454026931290526
2015-01-11,8.251839433999999,5.025390501374907,6.698652279569,6.430648613885018,6.2041605875337815,5.4865370500593365,5.4354764318239415,6.253033297480951,5.644796467712089,5.606098037976767,5.593181308768387,6.9463355504700885,7.4238015599937786,6.77166129109769,5.678483131307853,10.71489767867586
2015-01-18,7.030558769,8.304953293606996,5.698368111076597,7.588840512650937,7.173836103124744,6.483815357685209,7.18169575645697,7.10602695282792,6.650041733889724,7.18169575645697,6.988608757073821,5.777266637940272,6.384012075323424,7.650498355397134,6.510491626057117,11.537659293207168
2015-01-25,5.856873823,5.2594111820461125,7.61202413065859,6.226302661479254,6.917623178882742,7.1235804406111205,6.221685046688889,6.742605482977696,6.5838662792505325,6.044058378307148,6.454936023701286,4.869361968757128,7.471426991768818,5.865152407336241,6.1286534117761615,10.303516871410206
2015-02-01,4.522755646,3.1167830662412928,7.060287505043173,5.666428719129048,5.634585482939484,5.292594060629735,5.491022987912633,5.410661731758955,5.034942549959631,5.333451738259319,6.242697363491793,10.08866931289534,6.243368634475822,5.376975349528516,5.172627694873054,10.506946940937178
2015-02-08,5.49267412,3.237419929765081,5.599585747038323,5.563459616125081,6.599214056869871,5.417901724220139,5.4188748368615505,6.5039363130662355,5.361686862124441,5.5110634165795584,5.8919275969545195,5.368984741169363,5.627573381305864,5.267428069628848,4.980266222532706,12.095961817353412
2015-02-15,6.0342956370000005,4.9410184036136915,8.134924741522333,6.335344803460535,6.90086097542062,6.995281540297919,6.529329527508325,7.2448714864146435,6.977171382998417,6.711727853866467,8.054941730475225,8.298846717868747,8.388403897941691,6.207999105869247,6.997135214277739,11.33196888957434
2015-02-22,5.52357624,5.155872933737046,4.833999320595498,5.0648741975335625,5.6455249943328925,6.372469530803663,5.781082084033367,5.8634343864216705,6.382618918931802,5.956217739613273,5.791078537764608,4.504540598382447,4.999092623652177,4.765380341508769,6.278226984147501,9.910218736991393
2015-03-01,5.870517221,4.722284192350734,6.313206633799228,6.392848607692188,6.24027540579398,5.591264750942347,5.512438388225394,6.434889291762853,5.591264750942347,5.512438388225394,6.341278831764313,6.388585897180129,6.3519238918358925,6.637970545901085,6.216572791843135,11.090113140247828
2015-03-08,4.714640199,4.970816427855597,5.124475916549118,4.655114772547944,4.37518867680966,4.479912728154171,4.435890245241618,4.228520905423847,4.479912728154171,4.435890245241618,5.33758678043105,5.102566539993738,7.168985203464253,4.78750113357259,4.717102667240802,7.179735137118262
2015-03-15,3.903237116,4.129113016499348,4.330328832741776,3.9076639470651022,3.190071636424852,3.549215929898748,3.548966170604821,3.0060856285879294,3.5239523131013955,3.5248772226569156,3.0112272750398854,4.562240344187924,4.824586203489876,3.911564949403407,3.4843735932232516,4.7182312958419015
2015-03-22,2.79083013,3.194894264524109,3.091941413405912,2.570397586959922,2.7481886970181195,3.0514485326735734,3.051113926688574,2.423336379412928,2.99064499695362,2.9874144834635343,2.543403727093516,3.022069775852631,2.760513293327897,2.814056855414247,2.9351472659429563,4.512540892209074
2015-03-29,1.978494624,2.3630620660157917,0.5821933045178582,1.9167896292212412,2.2339349735097302,2.4876805680238183,2.3147505717234664,2.4148961285850925,2.5385780252156107,2.5510870624014084,1.627287750363104,0.8122225761685842,0.5467792460793341,1.9805075237465088,2.5186166460755257,3.662655268407503
2015-04-05,1.7852745630000002,1.670847793637456,1.3679632212194104,2.018927514602713,1.8787559024309168,1.9506781245239049,1.9169434567800807,1.9676805845320655,1.9349265105054545,1.9506867291370982,1.6909487720325167,1.392922682764094,1.6280134020444892,2.0450424141400547,1.8293179741604229,3.531555890267899
2015-04-12,1.657458564,1.6197317511244105,1.194877919913358,1.2533779183587892,0.9829508055291264,1.2590719681928857,1.2602960149615687,1.0094308962539258,1.3180164581517253,1.3230210337190682,1.342605868354434,1.1728834103669414,1.3515765789985368,1.3747506796120246,1.4805443824592008,3.2128487813423097
2015-04-19,1.530612245,1.463970990801022,1.497550215520215,1.463447538556498,1.038952176722588,1.4138649072154168,1.4076852325621352,1.0471981545657818,1.223008632086764,1.357240275321094,1.0417161733403797,1.4699584121347125,1.3942995316353533,1.6074256364290698,1.510445859581249,4.284247147517695
2015-04-26,1.420849421,0.928451268345248,1.0104114122916403,1.7512885508468818,1.11508957817608,1.1990989831254943,1.192288259867988,1.6759281080349715,1.3772779946727478,1.3982398066451762,1.1109830550295272,0.9524408805767568,0.93554393363482,1.7334311695752969,1.3754825147802805,3.581283240596714
2015-05-03,1.33358735,1.1458310192685992,0.8435498392118257,1.0171205102395102,1.0503709268805652,0.8258785952404102,0.9987015276896478,1.4019289260002041,1.2656344007200224,1.40095339590992,1.0842124237454454,0.8712600287531442,0.9278372571374334,0.9540263152585876,1.2757056449155917,2.860236660828892
2015-05-10,1.877746704,1.4667638487376815,1.3374892865586498,1.059946044641331,1.0389774029336831,1.2268862299690593,1.3832675420332952,0.8516757343004691,1.2268862299690593,1.3832675420332952,1.3534761211601438,1.2998858920919267,1.2415630518542935,0.8938214808611131,0.8258723333508677,3.02750138466218
2015-05-17,1.6,1.8873988636283383,0.9820963738028808,1.1145362907933414,0.5545381147482478,1.2798311783816954,1.4753128202997288,0.6746529172787628,1.2798311783816954,1.4753128202997288,0.8434523227966104,0.9724559656916923,0.7807756147543223,1.0127590894305063,0.9546395868761492,2.717835612160012
2015-05-24,0.8,1.3012766963213238,1.1502288534561114,1.0147803282124137,0.9382403908429148,1.1955341963699553,1.2292811789651257,0.9991688889088346,1.1700316375680888,1.1839845247637777,1.0566876105971086,1.2737357409394134,1.179692878271022,1.057612242059731,1.1994892877232868,2.7200959462658667
2015-05-31,1.0,0.9233513062094674,0.9260113612769088,1.0355077214547737,0.7706004839431384,0.8692515145299513,0.8888355611044378,0.5862328260674854,0.8692515145299513,0.8888355611044378,1.3128460302339997,0.9442284791586708,0.6238723646863851,1.0998963554684629,0.8544207477225272,2.900922674734286
2015-06-07,1.0,0.9683654039264856,1.3584347417042997,1.486754295049315,1.0329379855959853,1.1726902083110888,1.1818526969142635,1.0149321216507636,1.1726902083110888,1.1818526969142635,1.265651733385188,1.2829018620723731,1.3838074464798198,1.5085202157934017,1.2217329052379728,3.1088734124729687
2015-06-14,1.0,0.8770182097210055,1.0978806448905671,0.9105354507467328,0.8657905449288279,0.9561957628433309,0.9414432878412424,0.7785953652511971,0.9561957628433309,0.9414432878412424,1.2691048114751042,1.2313629869478318,1.1791546295893287,0.9452242013011841,1.0078325197644555,2.7133149439483013
2015-06-21,0.6,0.9454690724336032,0.5510786949713258,0.4009631999115131,0.7468452743501595,0.8281207409063045,0.8339104278561806,0.8329757379568434,0.8285448175214283,0.9395387980633269,0.7702843224955225,0.5466545624702097,0.5264248805268466,0.4067176711002696,1.0458729647943847,2.523446879056461
2015-06-28,0.6,0.6901847647308377,0.3440101999055569,0.5274475563605439,0.7841938262776416,0.8731611243366926,0.8714709404415419,0.6878751485454835,0.8731611243366926,0.8714709404415419,0.8370643921209617,0.14977135251619078,0.7974799993332216,0.8586214439891235,1.0595208437150312,2.650025588984354
2015-07-05,0.7,0.6242818289574106,0.7164227427719352,0.5920057835428927,1.4673606354507955,1.190814419414867,1.11413524423037,1.2571637151960064,1.152217143914792,1.11413524423037,0.8001086975661669,0.6736633110811119,0.7984894824957682,0.977307673546096,1.2826815965407763,2.383306164493436
2015-07-12,1.0,0.8011602091837378,1.2462409646101593,0.7704998880644989,1.160542597505343,0.9426307231730732,1.0601505991627709,0.9432102963186324,0.7611051241877944,0.8383936834798926,1.5379177956652668,1.007287958821312,1.0805748182839,0.7257917124270192,0.7556392279540693,2.292892800259226
2015-07-19,0.6,1.1567116828714452,0.7356446808681869,1.1268326842626764,0.3997750231532704,1.0657043577271768,1.133736562619507,0.853530482457395,1.0657043577271768,1.133736562619507,0.21076563867984133,0.6771021914655475,0.4029346654222836,0.9730465081599822,0.862759633753611,2.1504917515903457
2015-07-26,0.6,0.979032915598416,1.3493630891057518,1.8989076929054909,1.1568969186030142,1.8669178641838216,1.237321223640549,1.341106641169051,1.8669178641838216,1.237321223640549,1.1935543228744523,1.3627673865539178,1.0521379760798175,1.7325047244837934,1.7559195228408002,2.1143264058966618
2015-08-02,0.8,0.7587996722114814,0.18971640917608654,0.617560773739974,1.2785787119059226,1.0029000025282009,1.0952952755321121,1.3164629152141267,1.0780035018893028,1.0952952755321121,1.422869185389775,0.019115448592136097,0.1817837109773195,0.4021652614418598,0.9934205352095852,2.32905814595291
2015-08-09,1.1,1.0620066927463636,0.7594413596580001,0.9598050209929759,1.2803604083166684,1.1110206261324174,1.1928851072030004,1.2803604083166684,1.1110206261324174,1.1928851072030004,1.3802907589796525,0.7107275854817496,0.7382914235867903,0.8955745962744568,1.0528771687720493,2.593517236337973
2015-08-16,1.2,1.282262069427935,2.2442243069623107,1.2086128001150136,1.4027670173160522,1.226420697445059,1.3418719118186309,1.4027670173160522,1.226420697445059,1.3418719118186309,1.3050456050689658,2.053882057985024,2.4165440962902736,1.1657461299343301,1.184934976444587,0.0
2015-08-23,1.4,1.4120967624919054,1.231784127894029,1.3571220084837263,1.773126941177119,1.5112429450892142,1.6395600662817975,1.773126941177119,1.5112429450892142,1.6395600662817975,1.4847303706259265,0.9728997614031972,0.9614312419600544,1.3814279650415309,1.4955405752335411,0.0
2015-08-30,1.1,1.5867421732344622,1.855320580958048,1.095026281940631,1.393200920833202,1.321132137678168,1.4400819898149388,1.393200920833202,1.321132137678168,1.4400819898149388,1.8168887955334192,1.8598724334690775,1.8462225226639997,1.1058889648808798,1.327290087136962,0.0
2015-09-06,0.9,1.5044913492310188,1.2587722005569109,1.6007947180775624,1.1493914606607616,1.2813615426238492,1.3889056530707091,1.2920369165586962,1.2813615426238492,1.3889056530707091,1.0290320644262403,1.4932035998969309,1.3440435109532574,1.5975678380350795,1.2617263722235779,0.0
2015-09-13,1.3,1.2414704745422585,1.9784203154976523,2.2763359487252304,1.6673772898094112,2.0009151931063487,1.451385615602549,1.4526813611615528,2.0009151931063487,1.451385615602549,2.0639662229471334,2.104297942039973,2.1461288273799872,2.2928549744284004,2.047751129689777,0.0
2015-09-20,1.6,1.5240868523269735,1.9073678719011125,2.2317237433824215,1.5233344842420893,1.9835241166949935,1.5064900213040504,1.5820669171829316,1.9835241166949935,1.5064900213040504,2.040740138959787,1.8618108632476864,2.0477109005178145,2.2188765248586293,2.066575336151956,0.0
2015-09-27,2.2,1.8807124149225425,1.3347231967864666,1.742521032881919,1.8196027517285769,1.6693380310556123,2.0091800555231294,1.5931044070260465,1.6693380310556123,2.0091800555231294,1.1502481271321807,1.5757473656715744,1.3607772199231785,1.557370821754931,1.5222491035260015,0.0
2015-10-04,3.0,2.2797418633882014,2.8756146958967053,2.772534751650734,2.8254612626259634,2.673224275288203,2.5385019554337824,2.8254612626259634,2.673224275288203,2.5385019554337824,2.91371897471352,2.9746046320355832,2.9403578799425376,2.6433530700445123,2.615168762547729,0.0
2015-10-11,1.7,2.8089178553041467,2.656535676125632,2.3144532782377105,2.407466906933444,1.9715921848424167,2.4543899195916,2.233322064212868,1.9715921848424167,2.3422050097222047,1.7677197088151289,2.565021438055785,2.6457665560160373,2.2706170991453463,1.9867262759311048,0.0
2015-10-18,3.1,1.9455171193477756,2.1912972269628863,3.061487450373823,3.350226014460394,2.6703329385200747,2.475525710837002,3.4899612551188977,2.6703329385200747,2.724212752932697,1.7220699326597977,2.175503626903724,2.1930234435214158,3.0134011034799064,2.6976582974625933,0.0
2015-10-25,4.2,3.0559092689100895,3.0252679575661148,2.2330261741074704,2.91146043112685,2.308919714727772,3.0201543233228483,2.91146043112685,2.308919714727772,3.0201543233228483,1.9299735089721413,4.025072314965958,2.84138954060054,2.231508877617397,2.3423036911609247,0.0
2015-11-01,2.0,4.566589818800637,2.2993468588139923,2.8936837089080685,3.0078776607504567,2.6597365993333097,3.449671786927317,3.0078776607504567,2.6597365993333097,3.449671786927317,1.938835575904929,2.0840881163556224,2.1880441603455703,3.2295080860659264,2.780430761969332,0.0
2015-11-08,2.3,3.1378760913659764,2.4906322263213987,2.8507224154872413,2.613772493147246,2.1977697676350143,2.5858657596517256,2.58133934924676,2.1977697676350143,2.5858657596517256,1.7337893428895457,2.6179875966473936,2.4786965795304066,2.7990421533920764,2.2211050529730967,0.0
2015-11-15,1.2,3.7900941099771615,2.5218835739812717,2.310960967946193,1.7482338525261785,2.4515475638934587,3.0204576703928376,3.0206639282176546,2.4515475638934587,3.0204576703928376,2.080178095320309,2.498276141455928,2.5308308479954595,2.5834862882129843,2.5441377357030746,0.0
2015-11-22,0.4,2.2745356573893982,3.5221452406905764,3.0728063540283075,2.724466020442509,3.3401711145713375,2.7926303445639915,3.24104911985843,3.3401711145713375,2.7926303445639915,2.6353241432632117,3.6238379036098944,3.5340235177842616,3.0016944110865134,3.186785420600508,0.0
2015-11-29,2.3,2.8820257535483425,2.5300033815260403,2.8307163008755234,6.656106364696377,5.952249894342728,7.1058885336037525,7.3819459515892625,2.931084420993064,2.525250152167964,2.550081099056962,2.6245433045418904,2.1804462147852868,2.1433065591338907,1.9189075696739557,0.0
2015-12-06,0.9,4.9219419809999945,1.644850781577165,1.9410793244719864,3.2177735729199166,1.9100601619462745,2.5770787959898973,2.8254518694127397,1.9100601619462745,2.5770787959898973,1.2004582997454143,1.7489827707752243,1.9274133026247549,1.9516426488158087,1.9255246260388932,0.0
2015-12-13,1.3,1.7076815295766241,1.4845412531823123,1.7713014635419917,2.2672849405334183,2.2881048697345374,1.940057402562384,2.2672849405334183,2.2881048697345374,1.940057402562384,0.9039884433685714,1.4745965703351551,1.3409883611768076,1.6753169956752003,2.1932998939057,0.0
2015-12-20,0.8,1.9235008697517195,1.9159683847342504,1.68162132651845,2.292251069522254,1.9950443846440424,1.9848069437222569,2.292251069522254,1.9950443846440424,1.9848069437222569,1.9888728522719417,1.6624955813590019,1.513637411732503,1.6625274431420762,1.979425870854388,0.0
2015-12-27,0.8,1.2310459706309482,1.22773265470743,1.946302785492992,2.2030539313237205,2.0114163365781157,1.998799713373054,2.2030539313237205,2.0114163365781157,1.998799713373054,2.227229639324314,1.1521079030857102,1.4802302731934094,1.6437975273633003,1.9631559134979963,0.0
2016-01-03,0.8,1.3007188426563634,1.3699775820437898,2.147695584085369,1.6766168709663858,1.5781768782209988,1.5903347126313545,1.6766168709663858,1.5781768782209988,1.5903347126313545,1.6880328796784294,1.6474749792645893,0.7319934633175659,2.083023317940821,1.8540845962518033,0.0
2016-01-10,1.8,1.2546656818553839,0.9116905265823269,1.7376051294366768,1.8144585514058251,0.6948102837537968,1.7226861595431868,1.8144585514058251,1.7200079178267644,1.7226861595431868,1.7836295805425129,1.238569843154922,0.7262049965058264,1.5882217515117254,1.4188814038395292,0.0
2016-01-17,3.2,2.0488228527439074,2.006084179127642,2.356468541001643,1.6870144942180434,1.716402447783876,1.6982230542478556,2.3740521356152224,2.30355133320962,2.3947445961092404,2.2813099707578965,0.9749054761576909,1.4571088558625664,2.2095475094253136,1.9563693442873709,0.0
2016-01-24,4.0,3.10989063131516,2.672192744732936,2.466076593096402,2.8265518311725217,3.0008082242603886,3.0209160371517023,2.3604835279656107,2.339781296918505,2.394519891086252,2.3077855295136223,2.297209026643874,2.966104869140102,2.526142608443227,2.306130281714493,0.0
2016-01-31,3.2,3.803889381580495,2.4022060833356544,2.677212422446129,2.8701061581801386,2.9456602084790586,2.7170101787493497,2.838754154508653,2.8630325443204097,2.7170182657967503,2.4689523516509118,2.1489701900215987,2.916758034243521,2.7784084368510342,2.9425126952261005,0.0
2016-02-07,4.2,3.156168331738231,2.6953886528862414,2.9855665103824847,3.0447724914527474,3.0894172287371298,3.0231997179366825,3.2030899128054022,2.9460708905081856,3.0231997179366825,3.0074169463317784,2.6007295530616146,2.71970216033002,3.0564339717849496,3.0342552851184617,0.0
2016-02-14,6.3,3.8195739149355385,4.115010701728786,2.8712801845863583,3.384636064957776,3.2791256704477485,3.4580554477479764,3.384636064957776,3.2791256704477485,3.4580554477479764,3.3928350665744293,3.6716308349378166,3.8899979716661046,2.972274360622983,3.3753976068909,0.0
2016-02-21,16.4,5.250520835605398,4.607807403395765,3.851938641791047,3.71177250287605,3.934285993520233,3.942928664340658,3.71177250287605,3.934285993520233,3.942928664340658,4.001219374274863,5.0079755489635005,5.555211930134681,3.895143219279405,3.911002874264602,0.0
2016-02-28,19.0,14.47361293658437,8.141284717447398,6.882014441199185,4.3160266001581,6.8749747056238695,7.6763492171575995,4.3160266001581,6.8749747056238695,7.6763492171575995,4.830205316348205,8.715244847249702,6.5518645039152,7.825150910359403,7.82641271739995,0.0
2016-03-06,8.6,16.24396937789077,12.349875601047227,13.24605702084948,5.299596284766086,13.246032697653895,13.766992212844805,5.299596284766086,13.246032697653895,13.766992212844805,5.486567639102728,12.670017825876768,15.438138176560907,16.19600711545789,16.199411669080572,0.0
2016-03-13,10.1,6.942470338634244,6.222764415370923,7.224899226248514,4.884768179038817,7.207101086492053,6.6229315124285675,5.651118468198277,7.207101086492053,6.6229315124285675,5.133885994821479,6.195645298460732,6.457989461261232,7.8147654355805365,7.834392546526807,0.0
2016-03-20,10.4,7.915134008343295,6.925098937213442,6.908025532709348,4.106948722328259,6.902373085673255,6.7833937359145144,4.106948722328259,6.902373085673255,6.7833937359145144,4.270775347003204,7.0394715581261496,7.746607745908659,7.629867833632598,7.641273971292938,0.0
2016-03-27,14.4,8.225894100894394,6.131035395848441,6.579648564844044,4.495197789515082,6.575057548315398,7.297024374084848,4.495197789515082,6.575057548315398,7.297024374084848,6.023818748921977,6.027185384250418,6.139676908318402,6.87228809827177,6.878284581787706,0.0
2016-04-03,7.2,11.548678337249164,9.71672770258026,9.56638999884822,4.210632867332744,9.607909335094444,9.962842185529746,4.210632867332744,9.607909335094444,9.962842185529746,7.422638079675388,9.859712908752575,9.866740837502851,9.671479099001024,9.921717003066627,0.0
2016-04-10,9.0,6.311190593435398,5.790386383096554,6.127800293841684,3.753318853857881,5.547635114005722,5.546786374077362,3.753318853857881,5.547635114005722,5.546786374077362,4.787041629203503,5.820876300633167,6.636316033276747,4.69517758670517,5.9549471031009675,0.0
2016-04-17,5.1,7.780504657026166,6.591746872571356,6.473288523977884,3.603263945823216,6.175805647150183,6.536868713966831,3.603263945823216,6.175805647150183,6.536868713966831,3.611181526439045,6.72898656765694,7.140556188221903,7.08596364788211,6.603242169341401,0.0
2016-04-24,4.2,5.312737881649504,4.626487509111302,4.633163799595502,3.2539891840929105,3.968488805390337,4.266310441021123,3.2539891840929105,3.968488805390337,4.266310441021123,3.249848090449879,4.702777616480166,5.363899993559029,5.45954269727542,4.117699186430558,0.0
2016-05-01,1.5,4.2286154975713535,3.400684224898072,3.6866192713572623,3.325392709032031,3.5539870419298167,3.793523167745024,3.325392709032031,3.5539870419298167,3.793523167745024,3.325392709032031,3.3088461014520223,3.3968280551477794,3.6499999972681514,3.5139497732278797,0.0
2016-05-08,5.55,2.245701781277301,2.153984462677046,2.3036998604883494,3.039427360532438,1.8872159917468856,2.067577315144749,3.039427360532438,1.8862484923322305,2.065889625235796,2.6995038099090354,2.160724318707396,2.1729520894780645,2.332244727876207,2.085555605198075,0.0
2016-05-15,4.45,4.904528161770047,4.555968662808217,4.796404219355856,2.805717881446744,4.763845123166454,4.288834100867072,3.6054813444283034,4.763845123166454,4.288834100867072,3.719008441702178,4.7311277123112525,4.529842998815819,4.760582937433234,4.6822517957253345,0.0
2016-05-22,0.7929999999999999,4.188949525762496,3.491851077172473,3.422917714835286,2.5103331864076246,3.381996193920502,3.5425861763613313,2.3487338633679142,3.381996193920502,3.5425861763613313,2.983415160252695,3.5505970095088157,3.41369940067692,3.4081861808356844,3.3838914099979704,0.0
2016-05-29,2.32,1.7865875046299504,1.383649415439597,1.483537027791225,2.1756303667873667,1.4774403889842909,1.4689742473893852,2.1756303667873667,1.4774403889842909,1.4689742473893852,1.5378004160088516,-0.4858999425062098,1.2680128877913242,-0.19084302394291752,1.4701929016266,0.0
2016-06-05,1.97,2.804506571194325,2.2913054612104777,2.438675552049082,2.337174366266789,2.2629212261762164,2.320058326990896,2.337174366266789,2.2629212261762164,2.320058326990896,2.103608225515555,2.2321891580973983,2.2532428169365626,2.260608972597494,2.2178229089699046,0.0
2016-06-12,1.97,2.5708651493106074,2.377530728914299,2.1882990877723225,2.2809410238858656,2.0393520743138205,2.0982197738776125,2.2809410238858656,2.0393520743138205,2.0982197738776125,1.9471643924262572,2.250243227979043,2.114120737607916,2.116384586108856,1.9727301589680415,0.0
2016-06-19,2.87,2.5114275695641863,1.73062869062778,1.7159021143212978,2.1300654497210942,1.9553217389428408,1.9973824211092752,2.1300654497210942,1.9553217389428408,1.9973824211092752,1.836076194198026,1.5937329124443953,0.7865447395378515,1.5980273147294468,1.7823914786619,0.0
2016-06-26,1.34,3.1003290280485745,2.126702671030209,2.3322616205648625,1.9964944816992447,2.335394156865007,2.4155474779547337,1.9964944816992447,2.335394156865007,2.4155474779547337,2.0185720837507826,2.0834081858084943,2.1901219741910283,2.41122466446313,2.373538784623667,0.0
2016-07-03,2.06,2.051929047789785,2.121071173996036,1.6886782534345406,2.199334133693496,1.6287494920546541,1.6975013046295189,2.199334133693496,1.6287494920546541,1.6975013046295189,2.1300384070992613,2.249488070812442,2.020382076049284,1.809073380152333,1.6339285895426316,0.0
2016-07-10,1.17,2.435986603198076,1.9351237520069289,1.759873680082172,2.0161050698656307,1.9808573428884917,2.0037666978463173,2.0161050698656307,1.9808573428884917,2.0037666978463173,2.0161050698656307,1.7821063232683565,1.9640798333121765,1.932899243449388,2.0028374382025733,0.0
2016-07-17,0.821,1.9086686105290758,1.5874148189702382,1.7158359019921208,1.9307121189645675,2.3514643398684143,1.7132801723299953,2.055423328728432,1.6632328689253613,1.6618158724131613,2.055423328728432,1.8209488948657464,1.5172249982817552,1.6945845617364488,1.6624935719337308,0.0
2016-07-24,2.41,1.863073462883056,1.5637143637910365,1.4765735125510786,1.9747852087308528,1.448606019813953,1.43898735121871,1.9747852087308528,1.448606019813953,1.43898735121871,1.3967889337938573,1.5567273902709575,1.4259546805135046,1.4859194797521922,1.4778924229317232,0.0
2016-07-31,0.735,2.8578505690905853,2.1309352548673117,2.2062216413677294,1.9883491566190652,2.1530658227519397,2.18208361338351,3.0495560152403365,2.1530658227519397,2.18208361338351,1.866948562489363,2.087440653370354,2.0209099893202405,2.206281188684274,2.1599728251237686,0.0
2016-08-07,1.05,1.8172984762328568,1.5065962231011056,1.491876455183176,2.204696830900004,1.4696997176457651,1.5043251792317869,2.204696830900004,1.4696997176457651,1.5043251792317869,1.5527227873761371,1.492061719562721,1.4630024118685756,1.4693630016756094,1.4661306915727883,0.0
2016-08-14,1.83,2.0321187919237222,1.6431876384076527,1.707554904632148,2.5630875418993857,1.7528224380482404,1.8036120226936672,2.5630875418993857,1.7528224380482404,1.8036120226936672,1.919222773295214,1.4531060207458495,1.6051264677442578,1.6906660264117004,1.6988410129097442,0.0
2016-08-21,1.43,2.5120021317438708,2.1284096417494065,2.156750666884729,2.818995249000113,2.1797678131155918,2.313053308498056,2.818995249000113,2.1797678131155918,2.313053308498056,2.3916367536618703,2.0718426385778304,2.2106819297581364,2.089514553412685,2.145374829721494,0.0
2016-08-28,6.99,2.1993358169889827,1.6740238324126258,1.9733816198813523,2.663054773097654,1.8905189979404995,1.9973163396205116,2.663054773097654,1.8905189979404995,1.9973163396205116,2.1527932767335622,1.660335527589505,1.6530017262002925,1.8637201757819144,1.8665820008793412,0.0
2016-09-04,1.43,5.858353323746003,4.856404793807194,4.39022379535296,2.7341632424975586,4.666364197342702,4.904373236637613,2.7341632424975586,4.666364197342702,4.904373236637613,3.7443466627118287,4.9875606336544545,5.394918040803537,4.482217525447323,4.722187551722927,0.0
2016-09-11,1.48,2.1966637281417114,2.247664426613114,1.9496389811904,2.6483612754647075,1.9427544497448148,2.0528895840934824,2.6483612754647075,1.9427544497448148,2.0528895840934824,2.1998260525095668,2.231029666241433,1.989813448282504,1.7050587637189634,1.949691889314796,0.0
2016-09-18,1.63,1.941922488030129,2.139071324706614,2.015428480942369,2.8764876213809765,2.006144925981995,2.1673607483686292,2.8764876213809765,2.006144925981995,2.1673607483686292,2.8811906161027525,2.2962718075443878,2.090352647583138,2.180075662123983,2.0531940940373445,0.0
2016-09-25,1.74,2.316226204960227,2.5336550992032203,2.3808230948325764,2.9107715526930944,2.141956688072944,3.987779392067359,2.9107715526930944,2.141956688072944,2.2240412103657023,2.9107715526930944,2.5012742005395707,2.5294387714760247,2.481318826290234,2.1984671288485838,0.0
2016-10-02,1.05,2.4732742950205973,2.3090244619706697,2.2871520524810287,3.0123321434896364,2.3007590406229523,2.434590900209639,3.0123321434896364,2.3007590406229523,2.434590900209639,3.0123321434896364,2.079635106546716,2.228086933958592,2.18349885714247,2.269594167510862,0.0
2016-10-09,2.58,2.091606025961048,1.959962227315604,1.5201787891293148,2.9896906978017186,1.8989665237833535,2.0745023993684057,2.9896906978017186,1.8989665237833535,2.0745023993684057,2.3773903492442288,1.8408934946729756,1.8507019283456057,1.9179424269541507,1.9126301594161217,0.0
2016-10-16,1.48,3.0252107928979504,2.7102263003988125,2.2771876843364827,3.196051062060417,2.7174366662185228,2.9141736647461904,3.196051062060417,2.7174366662185228,2.9141736647461904,2.9619861117974122,2.534738624140393,2.6572575262357807,2.6450061007136245,2.6723240994596225,0.0
2016-10-23,1.63,2.360976387814283,2.346223202406458,1.372761917081335,3.343041453312587,2.2732217020991863,2.4873620118233646,1.3034739277803902,2.2732217020991863,2.4873620118233646,2.7931030574767752,2.319995363596309,2.2854238104230755,1.7004412835614056,2.2399374796125007,0.0
2016-10-30,3.9,2.4141368889268446,2.381952609143891,1.7473914519188674,3.4853947260140075,2.3648661821703407,2.6027602122802507,3.4853947260140075,2.3648661821703407,2.6027602122802507,3.032576702860553,2.3383483630982957,2.5057123804114787,1.6485455450895672,2.3242300820370674,0.0
2016-11-06,0.85,3.824414990747848,3.000804634066398,3.1557928072045387,3.624322266044591,3.45273251984092,3.760856154828713,3.624322266044591,3.45273251984092,3.760856154828713,3.6773081414133233,2.596511370199543,2.939382189202323,3.1726271226761407,3.4638004353071112,0.0
2016-11-13,3.88,1.791222427883727,1.5513590634828187,0.7185261278339437,3.614381986310754,2.0296983966275333,2.2517298163294313,3.614381986310754,2.0296983966275333,2.2517298163294313,2.9917221850045648,1.460000150772161,1.2525152243504687,0.5386896488977921,1.9753263420906684,0.0
2016-11-20,3.3,3.705143234750638,3.588910796473928,2.6580315365460887,3.4294209722469406,3.364624756587329,3.632514224878244,3.4294209722469406,3.364624756587329,3.632514224878244,3.4951041226204524,3.5746564191616885,3.3597591755286174,3.152977545098865,3.3478987741841157,0.0
2016-11-27,4.02,3.4690489671420783,3.1537098046582233,3.4773059769969787,3.97001568817598,3.307500390355908,3.633712953140343,3.97001568817598,3.307500390355908,3.633712953140343,3.9739737389622367,3.0959088680109628,3.2201944565595904,3.4885130857179463,3.3237926351715723,0.0
2016-12-04,3.93,2.6279695138769763,4.606764866878757,3.4704509451304237,3.938093800293278,4.276203712656962,2.226642985117812,3.7033172136886563,4.021582557503764,3.99244346371763,3.938093800293278,4.620737674913516,4.598596288384803,3.865030371141352,4.269081247417477,0.0
2016-12-11,5.86,3.761324750288556,4.201757906231,3.7360063295603068,4.287124040700065,3.7399306129820977,4.0941400925882645,4.287124040700065,3.7399306129820977,4.0941400925882645,4.287124040700065,4.233456028008266,4.17651880654088,3.793435975330232,3.786653126337183,0.0
2016-12-18,6.07,4.823411640681703,5.138842025093818,4.7262588073952205,5.02337703468205,4.929428877639845,5.375126899242829,5.02337703468205,4.929428877639845,5.375126899242829,5.02337703468205,5.212647678250296,5.351497919065856,4.814985551337032,5.0063413315852685,0.0
2016-12-25,8.31,4.920351583078399,5.2870662542253815,5.375956675604699,5.350902962638648,5.515445858085208,5.260394339887183,5.350902962638648,5.515445858085208,5.260394339887183,5.350902962638648,5.259277537226729,5.255220827932562,5.339319039358681,5.523767487334158,0.0
2017-01-01,8.46,6.3304567907109295,5.794884831209664,5.729459571603618,4.276481136044976,5.967915620574483,6.4528571674953925,4.276481136044976,5.967915620574483,6.4528571674953925,4.276481136044976,5.800536434091009,5.851807947624137,5.837308410631512,6.117592196325735,0.0
2017-01-08,7.31,7.0055649501149775,6.843626421287577,6.990198713873966,5.2027987814836685,7.349427281209349,7.182738706067942,5.2027987814836685,7.349427281209349,7.182738706067942,5.2027987814836685,6.891818344855522,6.787428303401276,6.933232646232537,7.494096786928616,0.0
2017-01-15,10.8,6.3813805029488,6.3992558312604455,6.639101729202375,5.871744721563474,6.826287501908853,6.778375240178822,5.871744721563474,6.826287501908853,6.778375240178822,5.871744721563474,6.473565013016389,6.310133385252675,6.35773599386963,6.9641293532844415,0.0
2017-01-22,14.2,8.630220190579157,8.234111079335882,9.125206896963489,6.297067374957378,8.878676349133606,8.857078887674856,6.297067374957378,8.878676349133606,8.857078887674856,6.297067374957378,8.579683010020592,8.517752238653806,9.618710669028602,9.104005995924332,0.0
2017-01-29,13.9,11.574655681895225,11.023367513340075,11.248894374513512,7.875177469533025,11.968439712228804,11.865830953847858,7.875177469533025,11.968439712228804,11.865830953847858,7.875177469533023,11.283314937685313,11.776261906534955,12.108893546990009,12.098663364247255,0.0
2017-02-05,15.1,11.403422748231506,12.70601024517116,13.586723050962176,9.990697461565192,13.629389408684393,12.676346475295453,9.990697461565192,13.629389408684393,12.676346475295453,10.140877204974963,13.361128485556106,13.32643627205244,13.682645840602198,14.103783139437633,0.0
2017-02-12,15.4,12.266846989553885,16.881425545098455,17.120175429309967,17.867509637236882,14.474000344728974,14.318755903574452,17.20044899402684,14.474000344728974,14.318755903574452,18.735937305559908,16.59909794113348,16.818440522890207,17.63278966284619,15.37662473180096,0.0
2017-02-19,20.5,12.811467106258965,15.482828696638867,15.978098282669821,14.349505098271846,15.141243448176539,14.798596856076404,16.41232846582442,15.141243448176539,14.798596856076404,15.998611359372356,15.423941538871894,15.672405820666725,16.11493807707685,15.509072348122348,0.0
2017-02-26,22.0,17.54277595757678,17.86159118564869,17.40257694742462,16.912333685294662,17.212226851376865,17.178254791562036,16.558420676220873,17.212226851376865,17.178254791562036,16.947183873276447,17.878243559137708,18.11894770039052,17.538445626234864,17.61205701057432,0.0
2017-03-05,0.0,19.809083934110962,16.752966327708886,17.280382695274945,14.312395365702546,17.8354295389697,17.642533531099282,16.2385236927651,17.833552164357567,17.642533531099282,13.006146439403866,17.05309243580826,16.644677505884562,17.901300242126503,18.038552214497482,0.0
2017-03-12,0.0,3.560559608279972,10.85802773521718,9.968445911646466,10.504689482032193,8.725960737006869,8.673140780309444,10.504689482032193,8.895611973857832,8.894168262974611,10.616030903867564,8.285226330584129,12.139132237020572,10.739515137958461,10.388651376128333,0.0
2017-03-19,0.0,2.470558201283678,8.32060090645139,8.1114347833023,12.170699423637187,9.28843813825639,9.288802493139896,12.170699423637187,9.28843813825639,9.288802493139896,12.170699423637187,6.707934868584063,8.231766489263855,8.416115718035536,9.371872550539225,0.0
2017-03-26,0.0,1.427995172481434,4.297320220714639,3.9898953125596024,7.730002525435665,4.4654379429000715,4.463474242184707,7.730002525435665,4.4654379429000715,4.463474242184707,7.7300025254356655,4.2948607829659515,4.024092251706872,3.2090839078909332,3.6538766787462986,0.0
2017-04-02,0.0,1.2006542054535387,3.5240916762948413,3.734932104074781,5.685261637637688,3.05286214435106,3.054574032657796,5.685261637637688,3.05286214435106,3.054574032657796,5.726273939741679,3.602101942439805,4.1291544555267565,3.3516348124939097,2.6312483452155258,0.0
2017-04-09,0.0,1.320576066064418,1.914905380440352,2.1807520433285035,4.075790540487511,2.241058857497729,2.2575384941255034,4.075790540487511,2.241058857497729,2.2575384941255034,4.101398090458278,1.8224492812015924,1.5530886113478448,1.6799925542680434,1.5835512726611318,0.0
2017-04-16,0.0,1.1177918064271837,1.9848974238108568,2.255375950227545,3.8064045043942425,2.0892162681177284,2.1094218726969416,3.8064045043942425,2.0892162681177284,2.1094218726969416,3.809339908303128,1.9000992007165336,1.8080227822890844,1.4375273147656458,1.3151973136913229,0.0
2017-04-23,0.0,1.1287761776305922,1.7597967886953194,2.2286886106406065,2.150696810148641,2.0367982614568163,1.8188025241212011,3.822997663493148,1.8957589176517928,1.8188025241212011,3.64696720433622,1.7602995944443458,2.0607105467935147,2.1971245352632094,1.7045173421402129,0.0
2017-04-30,0.0,1.3026345400686803,1.019232758201615,1.5188623601456888,3.344707910252461,1.838634454580048,1.754901795155435,3.344707910252461,1.838634454580048,1.754901795155435,2.3591967513936316,1.0193168989113863,1.739964665243781,0.665448214282625,1.6409950984276294,0.0
2017-05-07,0.0,1.335040045869173,1.5050947863660813,1.6862063785144157,3.111776153682392,1.7921375854636767,1.7373235251229129,3.111776153682392,1.7921375854636767,1.7373235251229129,1.7897605286168217,1.5829062413263677,1.384259069241395,2.2033115830985186,1.6016402614102483,0.0
2017-05-14,0.0,1.1728047241378383,1.765930872162054,2.077611037789185,2.463383853999596,1.5272706630258408,1.3148763681721696,2.996126740808447,1.5272706630258408,1.3148763681721696,2.011678411932671,1.7659197822686945,1.6138289285941163,1.9459379354460524,1.2581112945169903,0.0
